batch,name,strict_vertical_domain,description,slogan,quality_score,inspiration_pick,website_url,yc_profile,screenshot_path,screenshot_relative_path,strict_vertical_reason,strict_vertical_confidence
P26,Akkari,customer_operations / customer_support,Autonomous Customer Operations,Autonomous Customer Operations,4,True,https://akkari.io/,https://www.ycombinator.com/companies/akkari,/home/ubuntu/yc_vertical_ai_sites/screenshots/all_sites/p26-akkari.jpg,screenshots/all_sites/p26-akkari.jpg,Homepage H1 'Autonomous Customer Operations' and product copy: 'Akkari runs the operational work from the first sales call through success and expansion' — agentic AI tailored to customer ops workflows.,high
P26,Huscarl,insurance / actuarial,AI-native actuary enabling self-insurance for corporations,Actuarial intelligence for corporate self-insurance,4,True,https://www.huscarl.io/,https://www.ycombinator.com/companies/huscarl,/home/ubuntu/yc_vertical_ai_sites/screenshots/all_sites/p26-huscarl.jpg,screenshots/all_sites/p26-huscarl.jpg,"Homepage H1 'Actuarial intelligence for corporate self-insurance' and copy describing loss projections, premium indications and feasibility studies — AI core to actuarial/self-insurance workflows.",high
P26,Cohesion,finance / accounting,Modern Intelligence for Finance,MODERN INTELLIGENCE FOR FINANCE,4,True,https://cohesionplatform.com/,https://www.ycombinator.com/companies/cohesion,/home/ubuntu/yc_vertical_ai_sites/screenshots/all_sites/p26-cohesion.jpg,screenshots/all_sites/p26-cohesion.jpg,Homepage H1 'MODERN INTELLIGENCE FOR FINANCE' — product explicitly targets finance workflows with AI/analytics for financial teams.,high
P26,Maquoketa Research,gaming / liveops,Automated LiveOps for Game Studios,maquoketa,3,False,https://www.maquoketa.net,https://www.ycombinator.com/companies/maquoketa-research,/home/ubuntu/yc_vertical_ai_sites/screenshots/all_sites/p26-maquoketa-research.jpg,screenshots/all_sites/p26-maquoketa-research.jpg,YC description and site reference 'Automated LiveOps for Game Studios' and products (Sonar/Aqua) for live game analytics — AI automation for game-studio live-ops workflows.,high
P26,Intelligence Factory,robotics / robotic manipulation,Human Intelligence for Robots,Human Intelligence for Robots.,5,True,https://intelligence-factory.com,https://www.ycombinator.com/companies/intelligence-factory,/home/ubuntu/yc_vertical_ai_sites/screenshots/all_sites/p26-intelligence-factory.jpg,screenshots/all_sites/p26-intelligence-factory.jpg,Homepage H1 'Human Intelligence for Robots' and copy: 'We build foundation models for robotic manipulation' — AI models targeted at robotics/manufacturing manipulation tasks.,high
P26,Framewise Health,healthcare / patient_engagement,AI-native patient engagement,Discharge education in 75+ languages.,4,True,https://framewisehealth.com,https://www.ycombinator.com/companies/framewise-health,/home/ubuntu/yc_vertical_ai_sites/screenshots/all_sites/p26-framewise-health.jpg,screenshots/all_sites/p26-framewise-health.jpg,"Homepage: 'Discharge education in 75+ languages. AI-personalized to each patient. FHIR‑native, HIPAA compliant' — AI core to patient engagement in healthcare.",high
P26,Arctic Health,healthcare / credentialing,AI-native credentialing and contracting for healthcare,"Your providers, in-network. Without the headache.",4,True,https://arctic.health,https://www.ycombinator.com/companies/arctic-health,/home/ubuntu/yc_vertical_ai_sites/screenshots/all_sites/p26-arctic-health.jpg,screenshots/all_sites/p26-arctic-health.jpg,"Homepage H1 'Your providers, in-network. Without the headache.' and copy: 'Provider Credentialing & Enrollment' with AI-native credentialing/contracting for healthcare providers.",high
P26,Enjamb Labs,biopharma / drug_development,The AI Workforce for Biopharma,AI Workforce for Biopharma,4,True,https://www.enjamb.ai,https://www.ycombinator.com/companies/enjamb-labs,/home/ubuntu/yc_vertical_ai_sites/screenshots/all_sites/p26-enjamb-labs.jpg,screenshots/all_sites/p26-enjamb-labs.jpg,"Homepage H1 'AI Workforce for Biopharma' and copy describing Slack/Teams integration, LIMS/Veeva/Benchling connectors — AI designed for biopharma R&D and regulated workflows.",high
P26,Panacea,healthcare / FDA_regulatory,AI-Native FDA Regulatory Services,"Faster, lower-cost FDA Filings. Fixed pricing only.",4,True,https://withpanacea.com,https://www.ycombinator.com/companies/panacea,/home/ubuntu/yc_vertical_ai_sites/screenshots/all_sites/p26-panacea.jpg,screenshots/all_sites/p26-panacea.jpg,"Homepage H1 'The AI-native FDA regulatory team' and copy: 'Faster, lower-cost FDA Filings' across 510(k), IND, NDA, BLA — AI central to FDA regulatory workflows.",high
P26,CentralComs,home_services / trades,AI agent platform for home services companies.,Turn more calls into booked jobs.,4,True,https://centralcoms.com,https://www.ycombinator.com/companies/centralcoms,/home/ubuntu/yc_vertical_ai_sites/screenshots/all_sites/p26-centralcoms.jpg,screenshots/all_sites/p26-centralcoms.jpg,"Homepage: 'AI agents for the trades that answer calls, book jobs, and grow revenue' — agentic AI explicitly tailored to home services/trades workflows (call handling, booking).",high
P26,Astraea,clinical_development / clinical_trials,AI Operating System for Clinical Development,"Smarter, faster, safer clinical trials with agentic AI.",4,True,https://tryastraea.com,https://www.ycombinator.com/companies/astraea,/home/ubuntu/yc_vertical_ai_sites/screenshots/all_sites/p26-astraea.jpg,screenshots/all_sites/p26-astraea.jpg,"Homepage H1 'Smarter, faster, safer clinical trials with agentic AI' and copy describing end-to-end SDTM/ADaM/Define-XML automation — AI OS for regulated clinical development workflows.",high
P26,Lattice Health,healthcare / medical_imaging_AI_governance,Monitoring and governance for deployed medical imaging AI,"See every AI model running in your hospital, before it surprises you.",4,True,https://www.latticehealthai.com/,https://www.ycombinator.com/companies/lattice-health,/home/ubuntu/yc_vertical_ai_sites/screenshots/all_sites/p26-lattice-health.jpg,screenshots/all_sites/p26-lattice-health.jpg,"Homepage: 'See every AI model running in your hospital... drift, fairness, safety posture' — AI monitoring/governance specific to medical imaging and hospital clinical AI.",high
P26,Avea Robotics,robotics / fleet_operations,The human-in-the-loop system for robots,The ops platform for robot deployments.,4,True,https://www.avearobotics.com,https://www.ycombinator.com/companies/avea-robotics,/home/ubuntu/yc_vertical_ai_sites/screenshots/all_sites/p26-avea-robotics.jpg,screenshots/all_sites/p26-avea-robotics.jpg,"Homepage H1 'The ops platform for robot deployments' and copy describing teleoperation, supervised autonomy, fleet operations — AI/robotics ops platform for real-world robot deployments.",high
P26,Asendia AI,staffing / recruiting,AI recruiters for staffing agencies,"Don't replace your recruiters, Clone your best ones.",4,True,https://asendia.ai/,https://www.ycombinator.com/companies/asendia-ai,/home/ubuntu/yc_vertical_ai_sites/screenshots/all_sites/p26-asendia-ai.jpg,screenshots/all_sites/p26-asendia-ai.jpg,"Homepage H1 'Don't replace your recruiters, Clone your best ones.' and copy: 'AI recruiter for staffing agencies... screening thousands of candidates' — agentic AI tailored to staffing/recruiting workflows.",high
P26,Uno Wallet,fintech / payments,The AI mobile wallet that replaces Apple Pay,"Like Apple Wallet, but it picks the best card for you.",4,True,https://myunowallet.com/,https://www.ycombinator.com/companies/uno-wallet,/home/ubuntu/yc_vertical_ai_sites/screenshots/all_sites/p26-uno-wallet.jpg,screenshots/all_sites/p26-uno-wallet.jpg,"Homepage H1 'Like Apple Wallet, but it picks the best card for you.' and copy: 'Uno auto-routes every tap to your highest-earning card' — AI decisioning embedded in consumer payments/fintech product.",high
P26,Arden,collections / financial_services,AI-native internal audit firm,Collections that run themselves.,4,True,https://ardentech.ai/,https://www.ycombinator.com/companies/arden,/home/ubuntu/yc_vertical_ai_sites/screenshots/all_sites/p26-arden.jpg,screenshots/all_sites/p26-arden.jpg,"Homepage copy: 'Collections that run themselves. AI agents that call, text and negotiate with borrowers 24/7' — AI-native firm focused on collections/financial operations.",high
P26,Gravy,consumer_finance / personal_finance,"Agents that move money, trade stocks, and file taxes.",Automate your finances,4,True,https://gravy.finance,https://www.ycombinator.com/companies/gravy,/home/ubuntu/yc_vertical_ai_sites/screenshots/all_sites/p26-gravy.jpg,screenshots/all_sites/p26-gravy.jpg,"Homepage H1 'Automate your finances' and copy: agents for cash flow, tax prep, trading — AI agents performing consumer finance tasks (financial vertical).",high
P26,Kinect,ecommerce / DTC_retail,The AI revenue platform for D2C brands,"Your storefront, adapted to every shopper.",4,True,https://www.trykinect.ai/,https://www.ycombinator.com/companies/kinect,/home/ubuntu/yc_vertical_ai_sites/screenshots/all_sites/p26-kinect.jpg,screenshots/all_sites/p26-kinect.jpg,Homepage H1 'The AI Revenue Platform for DTC Brands' and copy describing personalized recommendations and storefront adaptation — AI tailored to DTC ecommerce workflows.,high
P26,Runtime,financial_operations,AI agents for financial operations,"Financial operations, run by AI agents",4,True,https://www.runtm.com/,https://www.ycombinator.com/companies/runtime,/home/ubuntu/yc_vertical_ai_sites/screenshots/all_sites/p26-runtime.jpg,screenshots/all_sites/p26-runtime.jpg,"Homepage H1 'Financial operations, run by AI agents' and copy: agents investigate payment issues, handle bank requests, merchant reviews — AI core to finance ops workflows.",high
P26,Arzana,manufacturing / ERP_operational_automation,The autonomous ERP for every manufacturer,Automate your ERP.,4,True,https://www.arzana.com/,https://www.ycombinator.com/companies/arzana,/home/ubuntu/yc_vertical_ai_sites/screenshots/all_sites/p26-arzana.jpg,screenshots/all_sites/p26-arzana.jpg,"Homepage H1 'Automate your ERP' and copy: 'Self-learning agents that enter orders, make quotes, process invoices' — agentic AI tailored to manufacturers' ERP workflows.",high
P26,Auxos,market_research,Simulations of real people for market research,Simulate every decision before it reaches a real customer.,4,True,https://www.useauxos.com,https://www.ycombinator.com/companies/auxos,/home/ubuntu/yc_vertical_ai_sites/screenshots/all_sites/p26-auxos.jpg,screenshots/all_sites/p26-auxos.jpg,Homepage H1 'Simulate every decision before it reaches a real customer' and copy describing digital twins for research audiences and focus-group simulation — AI product specifically for market research workflows.,medium
P26,Amboras,ecommerce / store_builder,AI Native Shopify,World's first AI-native ecommerce platform,4,True,https://amboras.com,https://www.ycombinator.com/companies/amboras,/home/ubuntu/yc_vertical_ai_sites/screenshots/all_sites/p26-amboras.jpg,screenshots/all_sites/p26-amboras.jpg,"Homepage H1 'World's first AI-native ecommerce platform' and copy: spins up full storefronts, brand design and checkout with AI — AI-native platform tailored to ecommerce/store-building workflows.",high
P26,Plena Health,"healthcare — specialty medical practices (clinical operations, referrals, claims)",Plena is the AI operating system for specialty medical practices,You built your specialty practice to care for patients.,4,True,https://www.plena.health/,https://www.ycombinator.com/companies/plena-health,/home/ubuntu/yc_vertical_ai_sites/screenshots/all_sites/p26-plena-health.jpg,screenshots/all_sites/p26-plena-health.jpg,"Homepage: “The AI operating system for specialty medical practices” and examples (referral clearing, claims/workflows) — AI is central and targeted to specialty practice workflows.",high
P26,Eden Robotics,industrial robotics / manufacturing operations,Autonomous services for humanity.,One Robot. Every Industry.,4,True,https://www.edenrobotics.ai,https://www.ycombinator.com/companies/eden-robotics,/home/ubuntu/yc_vertical_ai_sites/screenshots/all_sites/p26-eden-robotics.jpg,screenshots/all_sites/p26-eden-robotics.jpg,Homepage title: “Autonomous Robots for Industry” and content positioning robots for industrial use — autonomous robotics targeted to industry-specific tasks.,high
P26,AquaShield,real estate & building operations — water leak detection,AI water leak detection for buildings,Make hidden water networks visible,4,True,https://aquashieldai.com,https://www.ycombinator.com/companies/aquashield,/home/ubuntu/yc_vertical_ai_sites/screenshots/all_sites/p26-aquashield.jpg,screenshots/all_sites/p26-aquashield.jpg,Homepage: “WATER LEAK DETECTION FOR REAL ESTATE” and describes sensor + anomaly-detection learning — AI central and tailored to building/portfolio operations.,high
P26,Ornadyne,defense/security drones — surveillance,We're building robot birds for surveillance.,[No visible H1 captured],2,False,https://ornadyne.com/,https://www.ycombinator.com/companies/ornadyne,/home/ubuntu/yc_vertical_ai_sites/screenshots/all_sites/p26-ornadyne.jpg,screenshots/all_sites/p26-ornadyne.jpg,Homepage: flapping-wing surveillance drones built for covert reconnaissance; mentions “AI reconnaissance tools” — autonomous drones for surveillance (industry-specific).,high
P26,AbInitio Bio,biotech / drug development & manufacturing,The Intelligence layer for Drug Manufacturing,The operating platform for drug development and manufacturing.,4,True,https://www.abinitio-bio.com,https://www.ycombinator.com/companies/abinitio-bio,/home/ubuntu/yc_vertical_ai_sites/screenshots/all_sites/p26-abinitio-bio.jpg,screenshots/all_sites/p26-abinitio-bio.jpg,"Homepage: “AI-native drug development and manufacturing” — operating platform for developability, process development, scale-up, GxP controls; AI is core and targeted to drug manufacturing workflows.",high
P26,Saudara AI,manufacturing sourcing / supply chain procurement,AI Native Sourcing Broker For Overseas Manufacturing,Your Sourcing Easy Button. From First Sample to Scale.,4,True,https://saudara.ai,https://www.ycombinator.com/companies/saudara-ai,/home/ubuntu/yc_vertical_ai_sites/screenshots/all_sites/p26-saudara-ai.jpg,screenshots/all_sites/p26-saudara-ai.jpg,"Homepage: “Your Sourcing Easy Button… Our AI agent asks follow-ups, scans factories, verifies certifications, preps quotes” — AI-central sourcing/brokerage workflow for manufacturing.",high
P26,BioStack Platforms,healthcare — clinical & preclinical datasets / training environments,Real world training envs for healthcare AI models,[No visible H1 captured],4,True,https://www.getbiostack.com/,https://www.ycombinator.com/companies/biostack-platforms,/home/ubuntu/yc_vertical_ai_sites/screenshots/all_sites/p26-biostack-platforms.jpg,screenshots/all_sites/p26-biostack-platforms.jpg,"Homepage: sources ML-ready healthcare data (EHR, imaging, ECGs, labs, notes) and builds RL envs for healthcare models — domain-specific data/training infra for healthcare AI.",high
P26,Walter,manufacturing / supply-chain & ERP document automation,AI Employee for Manufacturing Operations,Offload paperwork to AI Employee Walter,4,True,https://www.walter.one,https://www.ycombinator.com/companies/walter,/home/ubuntu/yc_vertical_ai_sites/screenshots/all_sites/p26-walter.jpg,screenshots/all_sites/p26-walter.jpg,"Homepage: “AI Employee for Manufacturing Operations” — reads documents, captures/validates data, integrates into ERPs; focused use cases (order management, procurement) in manufacturing operations.",high
P26,Aseon Labs,autonomous vehicle infrastructure / fleet operations,Robotic pitstops for self-driving cars,Autonomous vehicles need autonomous infrastructure,4,True,https://www.aseonlabs.com/,https://www.ycombinator.com/companies/aseon-labs,/home/ubuntu/yc_vertical_ai_sites/screenshots/all_sites/p26-aseon-labs.jpg,screenshots/all_sites/p26-aseon-labs.jpg,"Homepage: “Robotic pitstops for self driving cars…depot in a box for charging, cleaning & inspecting autonomous fleets” — autonomous infrastructure built for AV fleet operations.",high
P26,Soria,financial research terminal — healthcare sector (healthcare finance/asset management),AI Financial Research Terminal built for Healthcare (and beyond),AI Financial Terminal Built for Healthcare,4,True,https://www.soriaanalytics.com/,https://www.ycombinator.com/companies/soria,/home/ubuntu/yc_vertical_ai_sites/screenshots/all_sites/p26-soria.jpg,screenshots/all_sites/p26-soria.jpg,Homepage: “AI Financial Terminal Built for Healthcare” and product converts public/private data into sector models and research for healthcare-focused banks/asset managers — AI central and sector-specific.,high
P26,PLAN0 AI,construction — cost estimating & takeoffs,Construction Cost Intelligence.,See the cost of every decision.,3,False,https://plan0.ai/,https://www.ycombinator.com/companies/plan0-ai,/home/ubuntu/yc_vertical_ai_sites/screenshots/all_sites/p26-plan0-ai.jpg,screenshots/all_sites/p26-plan0-ai.jpg,"Homepage: “AI CONSTRUCTION COST INTELLIGENCE… Upload plans, floor plan takeoff, 3D model, cost estimate” — AI central and tailored to construction estimating workflows.",high
P26,General Instinct,robotics / physical AI inference infrastructure,Inference Infrastructure for Physical AI,Inference infrastructure for Physical AI,4,True,https://general-instinct.com/,https://www.ycombinator.com/companies/general-instinct,/home/ubuntu/yc_vertical_ai_sites/screenshots/all_sites/p26-general-instinct.jpg,screenshots/all_sites/p26-general-instinct.jpg,Homepage: “Inference infrastructure for Physical AI” and tooling to deploy frontier models to edge devices/robots — specialized inference infra targeting robotics/physical AI workflows.,high
P26,Harbor,healthcare — clinical trials / eClinical operations,AI-native CRO for clinical trial operations,"Study data collection, automated.",4,True,https://runharbor.com/,https://www.ycombinator.com/companies/runharbor,/home/ubuntu/yc_vertical_ai_sites/screenshots/all_sites/p26-runharbor.jpg,screenshots/all_sites/p26-runharbor.jpg,"Homepage: “AI-native CRO for clinical trial operations… Automatically generate eCRFs and source docs from protocol, automate source data entry, 21 CFR Part 11 compliance” — AI central and targeted to clinical trial workflows.",high
P26,Alchemize,supply chain & logistics — customs brokerage,Building AI Native Customs Brokerages,[No visible H1 captured],1,False,https://tryalchemize.com,https://www.ycombinator.com/companies/alchemize,/home/ubuntu/yc_vertical_ai_sites/screenshots/all_sites/p26-alchemize.jpg,screenshots/all_sites/p26-alchemize.jpg,YC description and branding: “AI Native Customs Brokerages” — indicates AI-driven customs brokerage tailored to logistics/customs workflows (homepage is coming soon but positioning is industry-specific).,medium
P26,AICE,defense — autonomous underwater vehicles,Submarine drones for defense,Autonomous underwater vehicles,4,True,https://aicepower.com,https://www.ycombinator.com/companies/aice,/home/ubuntu/yc_vertical_ai_sites/screenshots/all_sites/p26-aice.jpg,screenshots/all_sites/p26-aice.jpg,"Homepage: “Autonomous underwater vehicles… combine onboard perception, navigation, and coordination” — autonomy/AI is central and targeted to fleet defense missions.",high
P26,Infera,laboratory automation / life sciences (lab instruments),Control lab instruments with natural language.,The operating system for your laboratory.,3,False,https://www.infera.bio,https://www.ycombinator.com/companies/infera,/home/ubuntu/yc_vertical_ai_sites/screenshots/all_sites/p26-infera.jpg,screenshots/all_sites/p26-infera.jpg,"Homepage: “The operating system for your laboratory” and demo: natural-language control compiling runs, collision checks, instrument orchestration — AI-native lab instrument control tailored to lab workflows.",high
P26,Mount,insurance — AI agent insurance / risk & remediation,The AI Agent Insurance Carrier,Insure and secure your AI agents,3,False,https://mount.insure,https://www.ycombinator.com/companies/mount,/home/ubuntu/yc_vertical_ai_sites/screenshots/all_sites/p26-mount.jpg,screenshots/all_sites/p26-mount.jpg,"Homepage: “Insure and secure your AI agents… real-time vulnerability scanning, automated remediation, Active Insurance” — insurance product focused on AI agents where AI/security are central.",high
P26,Parrot,automotive — collision repair shop operations,Agentic operating system for auto repair shops,AI coworker for collision repair shops,4,True,https://www.useparrot.com/,https://www.ycombinator.com/companies/useparrot,/home/ubuntu/yc_vertical_ai_sites/screenshots/all_sites/p26-useparrot.jpg,screenshots/all_sites/p26-useparrot.jpg,"Homepage: “AI coworker for collision repair shops” offering AI-powered CRM, estimation, parts procurement, insurance disputes — AI central and tailored to auto repair shop workflows.",high
P26,Voquill,medical laboratories / pathology lab automation,The agentic OS for medical labs,The agentic OS for medical labs.,4,True,https://voquill.com/,https://www.ycombinator.com/companies/voquill,/home/ubuntu/yc_vertical_ai_sites/screenshots/all_sites/p26-voquill.jpg,screenshots/all_sites/p26-voquill.jpg,"Homepage: “The agentic OS for medical labs” with features for accessioning, grossing, histology, molecular workflows and HL7 integration — AI agent OS targeted to lab workflows.",high
P26,Napkin Math,consumer health / nutrition,AI nutrition coach in your pocket,Napkin Math,4,True,https://napkinmath.club,https://www.ycombinator.com/companies/napkin-math,/home/ubuntu/yc_vertical_ai_sites/screenshots/all_sites/p26-napkin-math.jpg,screenshots/all_sites/p26-napkin-math.jpg,Product is a personalized AI food journal / AI nutrition coach — AI is central and workflow is specific to nutrition/healthcare.,high
P26,Kimpton,finance / asset management,Live Evaluation Arenas for Financial Work,Evaluation infrastructure for models and agents.,4,True,https://kimpton.ai,https://www.ycombinator.com/companies/kimpton,/home/ubuntu/yc_vertical_ai_sites/screenshots/all_sites/p26-kimpton.jpg,screenshots/all_sites/p26-kimpton.jpg,Provides live environments and evaluation infrastructure for trading models and agents (models trading S&P 500) — AI-centered and finance-specific.,high
P26,StableBrowse,robotics / physical AI (manufacturing),Building the Data Infrastructure layer for Physical AI.,The data infrastructure layer for physical AI.,4,True,https://stablebrowse.ai/,https://www.ycombinator.com/companies/stablebrowse,/home/ubuntu/yc_vertical_ai_sites/screenshots/all_sites/p26-stablebrowse.jpg,screenshots/all_sites/p26-stablebrowse.jpg,Builds multimodal real-world datasets and capture/post-processing specifically for robots and embodied agents — specialized physical-AI data infra for robotics/manufacturing.,high
P26,Taiga,healthcare (medical billing),Autonomous medical billing,Themedicalbillingpartneryou wanttoworkwith.,1,False,https://taigabilling.com,https://www.ycombinator.com/companies/taiga,/home/ubuntu/yc_vertical_ai_sites/screenshots/all_sites/p26-taiga.jpg,screenshots/all_sites/p26-taiga.jpg,"Described as autonomous medical billing; site shows end-to-end coding, claims, denial management — AI central and tailored to medical billing workflows.",high
P26,Pairio,manufacturing / field maintenance,AI mobile app that helps factory technicians fix broken machines,From breakdown to solution — faster with AI,4,True,https://pairio.com,https://www.ycombinator.com/companies/pairio,/home/ubuntu/yc_vertical_ai_sites/screenshots/all_sites/p26-pairio.jpg,screenshots/all_sites/p26-pairio.jpg,"AI mobile assistant surfaces manuals, identifies parts, creates reports and maintenance analytics for factory technicians — AI-central, targeted to factory maintenance.",high
P26,Synphony,agriculture / farm robotics,robots & software for farms,synphony,4,True,https://www.synphony.co/,https://www.ycombinator.com/companies/synphony,/home/ubuntu/yc_vertical_ai_sites/screenshots/all_sites/p26-synphony.jpg,screenshots/all_sites/p26-synphony.jpg,Robots and physical-AI platform deployed in farms/physical businesses with private training loops and command center — robotics + software tailored to agricultural/physical operations.,high
P26,Andco,legal (personal injury),Agents that build personal injury cases,"Chase justice, not paper.",3,False,http://www.useandco.com,https://www.ycombinator.com/companies/andco,/home/ubuntu/yc_vertical_ai_sites/screenshots/all_sites/p26-andco.jpg,screenshots/all_sites/p26-andco.jpg,Platform uses AI agents to run personal injury case workflows (intake → records retrieval → drafting demand) — AI central and tailored to plaintiff law firms.,high
P26,Antinuous,research / R&D automation,Autonomous research agents for R&D and education,[No visible H1 captured],2,False,https://www.antinuous.com/,https://www.ycombinator.com/companies/antinuous,/home/ubuntu/yc_vertical_ai_sites/screenshots/all_sites/p26-antinuous.jpg,screenshots/all_sites/p26-antinuous.jpg,"Targets autonomous research agents for R&D and research labs (self-driving research labs, materials/medicines workflows) — AI central and aimed at research workflows.",medium
P26,transload,supply chain & logistics (warehouse),Measure freight with security cameras,Turn your security cameras into warehouse intelligence,4,True,https://www.transload.ai,https://www.ycombinator.com/companies/transload,/home/ubuntu/yc_vertical_ai_sites/screenshots/all_sites/p26-transload.jpg,screenshots/all_sites/p26-transload.jpg,"Uses computer vision on security cameras to measure dimensions, track shipments, and verify loads on docks — AI central and specific to warehouse/logistics workflows.",high
P26,shotwell.ai,robotics / manufacturing,Annotations for robotics data,Annotations for robotics data,4,True,http://shotwell.ai/,https://www.ycombinator.com/companies/shotwellai,/home/ubuntu/yc_vertical_ai_sites/screenshots/all_sites/p26-shotwellai.jpg,screenshots/all_sites/p26-shotwellai.jpg,Provides dense annotations and step/subtask labels for robotics training videos — AI/data service specialized for robotics workflows.,high
P26,qomplement,supply chain & logistics / operations,The Agentic ERP for supply chain operations,The AI ERP for supply chains operations,4,True,https://qomplement.com,https://www.ycombinator.com/companies/qomplement,/home/ubuntu/yc_vertical_ai_sites/screenshots/all_sites/p26-qomplement.jpg,screenshots/all_sites/p26-qomplement.jpg,"Described as an 'Agentic ERP' for supply chain operations with automated invoice generation, carrier dispatch, three-way matching — AI central and targeted to supply-chain operations.",high
P26,KelAI,finance / trading & asset management,The AI Quant: Autonomous Alpha Engine for Funds and Traders.,"Research capacity, uncapped.",4,True,https://kelaitech.com/,https://www.ycombinator.com/companies/kelai,/home/ubuntu/yc_vertical_ai_sites/screenshots/all_sites/p26-kelai.jpg,screenshots/all_sites/p26-kelai.jpg,Purpose-built AI research and autonomous alpha engine for funds and traders — AI central and tailored to financial research/trading workflows.,high
P26,Wealor,finance / wealth management,AI-native platform for wealth managers,The AI-native platform for wealth managers.,4,True,https://wealor.ai/,https://www.ycombinator.com/companies/wealor,/home/ubuntu/yc_vertical_ai_sites/screenshots/all_sites/p26-wealor.jpg,screenshots/all_sites/p26-wealor.jpg,"AI-native platform tailored to wealth managers (advisor-facing agents, data reconstruction, compliant outreach) — AI central and specific to wealth management firms.",high
P26,Elyra,hospitality / restaurants,AI Reservation System for Restaurants,[No visible H1 captured],2,False,https://www.elyrasystems.com/,https://www.ycombinator.com/companies/elyra,/home/ubuntu/yc_vertical_ai_sites/screenshots/all_sites/p26-elyra.jpg,screenshots/all_sites/p26-elyra.jpg,"AI-powered reservation and restaurant operations platform (voice booking, table allocation, guest intelligence) — AI central and tailored to restaurant workflows.",high
P26,Zolvo,finance / commercial lending,AI Back-Office Automation for Commercial Lenders,AI back office for commercial lenders.,4,True,https://zolvo.com/,https://www.ycombinator.com/companies/zolvo,/home/ubuntu/yc_vertical_ai_sites/screenshots/all_sites/p26-zolvo.jpg,screenshots/all_sites/p26-zolvo.jpg,"AI back-office automation for commercial lenders (invoice verification, payment matching, portfolio monitoring) — AI central and tailored to lenders/lending ops.",high
P26,Juno,healthcare / chronic care,AI Health Assistant for Chronic Illness,Managing chronic illness shouldn't feel like a job,4,True,https://junocompanion.com/,https://www.ycombinator.com/companies/juno-chat,/home/ubuntu/yc_vertical_ai_sites/screenshots/all_sites/p26-juno-chat.jpg,screenshots/all_sites/p26-juno-chat.jpg,"Consumer-facing AI health assistant focused on chronic illness management (symptom tracking, doctor-ready summaries) — AI central and specific to chronic care workflows.",high
P26,Kinro,insurance,Autonomous insurance brokerage for small businesses,"FOCUS ON YOUR BUSINESS, KINRO HANDLES THE INSURANCE.",4,True,https://www.kinro.com/,https://www.ycombinator.com/companies/kinro,/home/ubuntu/yc_vertical_ai_sites/screenshots/all_sites/p26-kinro.jpg,screenshots/all_sites/p26-kinro.jpg,Described as an autonomous insurance brokerage for small businesses; product automates coverage identification and quoting — AI/automation centered on insurance workflows.,medium
P26,GovGuard,government / public records (FOIA),"Automating Government Workflows, starting with FOIA",AI Infrastructure for Government Agencies,4,True,https://govguard.com,https://www.ycombinator.com/companies/govguard,/home/ubuntu/yc_vertical_ai_sites/screenshots/all_sites/p26-govguard.jpg,screenshots/all_sites/p26-govguard.jpg,"Builds AI agents to automate FOIA discovery, redaction, and drafting responses for agencies — AI central and tailored to government records workflows.",high
P26,Light Anchor,consumer goods / DTC brand operations,AI-run consumer brands,Your brand. Now an autonomous company.,4,True,https://lightanchor.ai,https://www.ycombinator.com/companies/light-anchor,/home/ubuntu/yc_vertical_ai_sites/screenshots/all_sites/p26-light-anchor.jpg,screenshots/all_sites/p26-light-anchor.jpg,"Positions itself as autonomous operator for consumer brands with AI agents running marketing, operations, and commerce — AI central and targeted to consumer brand workflows.",medium
P26,Hub,robotics / embodied AI datasets,Real-world training data for frontier AI labs and robotics.,Capturing Physical Experience for Embodied AI,5,True,https://hub.xyz,https://www.ycombinator.com/companies/hub,/home/ubuntu/yc_vertical_ai_sites/screenshots/all_sites/p26-hub.jpg,screenshots/all_sites/p26-hub.jpg,Captures embodied physical experience and datasets for robotics and frontier labs — specialized data infra for robotics/embodied AI.,high
P26,Tenet Industries,manufacturing / PCB assembly,AI-automated PCB assembly factories,"Fast custom PCBA, at any scale",4,True,https://www.tenetindustries.com,https://www.ycombinator.com/companies/tenet-industries,/home/ubuntu/yc_vertical_ai_sites/screenshots/all_sites/p26-tenet-industries.jpg,screenshots/all_sites/p26-tenet-industries.jpg,"AI-driven PCB assembly factory: instant quoting, AI-driven setup and fast turnarounds — AI central and tailored to PCB manufacturing workflows.",high
P26,Atrisa,semiconductor / analog circuit design,AI Agents for Analog Circuit Design,Give your analog team superpowers,4,True,https://atrisa.ai,https://www.ycombinator.com/companies/atrisa,/home/ubuntu/yc_vertical_ai_sites/screenshots/all_sites/p26-atrisa.jpg,screenshots/all_sites/p26-atrisa.jpg,"AI agents designed to assist analog circuit design, simulations, debugging and knowledge sharing for analog engineering teams — AI central and specific to analog IC design workflows.",high
P26,Trellis,hospitality / short-term rental property management,Agents that run short-term rental operations end-to-end,Vacation rentals ran on chaos. Now they run on agents.,4,True,https://trellistech.com,https://www.ycombinator.com/companies/trellistech,/home/ubuntu/yc_vertical_ai_sites/screenshots/all_sites/p26-trellistech.jpg,screenshots/all_sites/p26-trellistech.jpg,"AI agents and platform running vacation rental property management end-to-end (unified inbox, guest portal, workforce & supply management) — AI central and targeted to short-term rental operators.",high
P26,Dayjob,logistics / short-haul trucking (waste management),AI Scheduling for Short Haul Trucks,AI scheduling built for dumpsters,4,True,https://www.getdayjob.ai,https://www.ycombinator.com/companies/dayjob,/home/ubuntu/yc_vertical_ai_sites/screenshots/all_sites/p26-dayjob.jpg,screenshots/all_sites/p26-dayjob.jpg,"AI scheduling specifically built for short-haul trucks/dumpster collections (scheduling, route planning for waste-management fleets) — AI central and industry-specific.",high
P26,InLoop Robotics,fulfillment / warehouse robotics,Robotic arms that pick and pack your orders.,Automate Manual Labor from Day One.,4,True,https://inloop-robotics.com/,https://www.ycombinator.com/companies/inloop-robotics,/home/ubuntu/yc_vertical_ai_sites/screenshots/all_sites/p26-inloop-robotics.jpg,screenshots/all_sites/p26-inloop-robotics.jpg,"Intelligent bimanual robot system for manufacturing, assembly and logistics tasks (pick & pack, kitting, QA) — autonomous robotics targeted to fulfillment/manufacturing workflows.",high
P26,Andustry,industrial sourcing / manufacturing procurement,,Industrial sourcing.,4,True,http://andustry.com/,https://www.ycombinator.com/companies/andustry,/home/ubuntu/yc_vertical_ai_sites/screenshots/all_sites/p26-andustry.jpg,screenshots/all_sites/p26-andustry.jpg,AI-native broker for industrial equipment that searches suppliers and sources parts (industrial sourcing workflows for aerospace/automotive/energy) — AI central and industry-specific.,high
P26,Discovered Materials,materials discovery / semiconductors,AI scientists to discover materials for the semiconductor industry.,Accelerating the lab-to-fab timeline,3,False,https://discoveredmaterials.com,https://www.ycombinator.com/companies/discovered-materials,/home/ubuntu/yc_vertical_ai_sites/screenshots/all_sites/p26-discovered-materials.jpg,screenshots/all_sites/p26-discovered-materials.jpg,Builds AI agents to discover new materials for semiconductor chips and benchmarks for material discovery — AI central and tailored to semiconductor materials R&D workflows.,high
P26,Hexa,manufacturing & distribution,Autonomous operations for industrial distributors,The next generation of software for manufacturers and distributors.,4,True,https://www.hexaagents.com,https://www.ycombinator.com/companies/hexa,/home/ubuntu/yc_vertical_ai_sites/screenshots/all_sites/p26-hexa.jpg,screenshots/all_sites/p26-hexa.jpg,"Homepage explicitly sells purpose-built AI agents and modules for manufacturers and distributors (quotes from emails/PDFs, procurement RFQs, invoice matching) tailored to distributor/manufacturer workflows.",high
P26,Rudus,construction,AI Takeoffs for Concrete,Faster takeoffs. Sharper estimates. More bids.,4,True,http://rudus.ai/,https://www.ycombinator.com/companies/rudus,/home/ubuntu/yc_vertical_ai_sites/screenshots/all_sites/p26-rudus.jpg,screenshots/all_sites/p26-rudus.jpg,"Homepage advertises 'AI-powered element detection' and workflow built around concrete estimators (plan upload → quantities → export to HeavyBid/Sage/B2W), clearly a construction estimating product.",high
P26,Multiplier,asset management / finance,Agent harnesses for asset managers,"AI for asset managers, built with you",3,False,https://multiplier.ai,https://www.ycombinator.com/companies/multiplier,/home/ubuntu/yc_vertical_ai_sites/screenshots/all_sites/p26-multiplier.jpg,screenshots/all_sites/p26-multiplier.jpg,Homepage positions Multiplier as 'AI for asset managers' with security/infrastructure/white-glove service to harness agents specifically for asset management workflows.,high
P26,Standard Signal,asset management / hedge fund trading,Hedge fund where AI researches and executes every trade end-to-end,[No visible H1 captured],3,False,https://standardsignal.com,https://www.ycombinator.com/companies/standard-signal,/home/ubuntu/yc_vertical_ai_sites/screenshots/all_sites/p26-standard-signal.jpg,screenshots/all_sites/p26-standard-signal.jpg,"Homepage explicitly describes an AI-first hedge fund where AI researches and executes complex trades end-to-end, i.e., AI is central and tailored to trading/asset management.",high
P26,Klarify,mental health / therapy (healthcare providers),AI Agent for Therapists,The AI assistant every therapist deserves.,3,False,https://www.klarify.ca/,https://www.ycombinator.com/companies/klarify,/home/ubuntu/yc_vertical_ai_sites/screenshots/all_sites/p26-klarify.jpg,screenshots/all_sites/p26-klarify.jpg,"Homepage markets an AI assistant for therapists that handles notes, paperwork, treatment plans and EHR integration (therapy-specific clinical/admin workflow), with HIPAA/PHIPA compliance.",high
P26,Surtr Defense Systems,defense / counter-drone systems,The hardware-agnostic operating system for drone defense,surtrdefense.com,,False,https://surtrdefense.com,https://www.ycombinator.com/companies/surtr-defense-systems,,,YC and directory describe a hardware-agnostic operating system for drone defense — a domain-specific platform for defense/counter-drone operations implying autonomous/agent capabilities.,medium
P26,Regbase,legal / regulatory compliance,"Automating Corporate Compliance, Worldwide",[No visible H1 captured],4,True,https://regbase.com,https://www.ycombinator.com/companies/regbase,/home/ubuntu/yc_vertical_ai_sites/screenshots/all_sites/p26-regbase.jpg,screenshots/all_sites/p26-regbase.jpg,"Homepage describes using 'industry-leading AI agents' to identify regulatory changes, draft trackers and surface legal/regulatory signals—AI is central and tailored to regulatory/legal workflows.",high
P26,Drafted,architecture / residential design / construction,Design your home instantly with AI,Design House Plans Instantly with AI,4,True,https://www.drafted.ai/,https://www.ycombinator.com/companies/drafted,/home/ubuntu/yc_vertical_ai_sites/screenshots/all_sites/p26-drafted.jpg,screenshots/all_sites/p26-drafted.jpg,"Homepage advertises instant generation of floor plans, 3D models and CAD/BIM exports—AI is central and tailored to home/architectural design workflows (construction/real-estate adjacent).",high
P26,Fuchsia,hardware compliance (manufacturing),Vanta for hardware,Hardware compliance done on your timeline.,4,True,https://getfuchsia.ai/,https://www.ycombinator.com/companies/fuchsia,/home/ubuntu/yc_vertical_ai_sites/screenshots/all_sites/p26-fuchsia.jpg,screenshots/all_sites/p26-fuchsia.jpg,"Homepage positions Fuchsia as a compliance workflow for hardware: mapping standards, drafting lab-ready docs and using a 'research agent' to map requirements—AI-driven and tailored to hardware/manufacturing compliance.",medium
P26,Clara,primary care / healthcare,AI primary care doctor,Medicine that sees further.,4,True,http://askclara.com,https://www.ycombinator.com/companies/clara-2,/home/ubuntu/yc_vertical_ai_sites/screenshots/all_sites/p26-clara-2.jpg,screenshots/all_sites/p26-clara-2.jpg,Homepage clearly advertises an 'AI-powered primary care doctor' with continuous AI-driven care plans and clinician review—AI is central and targeted to primary healthcare workflows.,high
P26,Advanced Metal Research,manufacturing / welding automation,Machine intelligence for American Welding,Mass-manufactured welding intelligence.,3,False,https://advancedmetalresearch.com/,https://www.ycombinator.com/companies/advanced-metal-research,/home/ubuntu/yc_vertical_ai_sites/screenshots/all_sites/p26-advanced-metal-research.jpg,screenshots/all_sites/p26-advanced-metal-research.jpg,"Homepage describes 'mass-manufactured welding intelligence' and robotic cells that see, weld, inspect and learn—AI/robotics central to manufacturing/welding workflows.",high
P26,TakeCareOS,long-term care / home care agencies (healthcare providers),AI-native operating system for long term care providers,you can talk to. reason with. put to work.,4,True,https://takecareos.com,https://www.ycombinator.com/companies/takecareos,/home/ubuntu/yc_vertical_ai_sites/screenshots/all_sites/p26-takecareos.jpg,screenshots/all_sites/p26-takecareos.jpg,"Homepage markets an AI-native care management OS built for home/long-term care agencies (rostering, notes, invoicing, scheduling) with natural-language delegation—AI central and tailored to care provider workflows.",high
P26,Smartbase,manufacturing / ERP,AI-native ERP for manufacturers,[No visible H1 captured],,False,https://www.smartbase.so/,https://www.ycombinator.com/companies/smartbase,,,YC description positions Smartbase as an 'AI-native ERP for manufacturers'—an AI-centered ERP tailored to manufacturing workflows (manufacturing operations/ERP).,medium
P26,Foresight,CPG market research / consumer insights,Consumer simulations for CPG market research,"Consumer testing in minutes, not months",3,False,https://foresight.tt/,https://www.ycombinator.com/companies/foresight,/home/ubuntu/yc_vertical_ai_sites/screenshots/all_sites/p26-foresight.jpg,screenshots/all_sites/p26-foresight.jpg,Homepage advertises AI-powered consumer simulations for CPG market research (testing pricing/packaging/ads) tailored to marketing/insights workflows in consumer goods.,high
P26,Prototyping.io,manufacturing / CNC prototyping,Autonomous manufacturing for mechanical parts,Turn CAD designs into CNC Machined parts - driven by AI,4,True,https://www.prototyping.io,https://www.ycombinator.com/companies/prototypingio,/home/ubuntu/yc_vertical_ai_sites/screenshots/all_sites/p26-prototypingio.jpg,screenshots/all_sites/p26-prototypingio.jpg,"Homepage markets autonomous manufacturing for mechanical parts driven by AI (turning CAD into CNC parts, sheet metal, 3D printing), i.e., AI central to manufacturing workflow.",high
S26,Edviro,energy / facilities operations,AI That Operates Energy Infrastructure,Find building problems. Get them fixed.,4,True,https://edviroenergy.com,https://www.ycombinator.com/companies/edviro,/home/ubuntu/yc_vertical_ai_sites/screenshots/all_sites/s26-edviro.jpg,screenshots/all_sites/s26-edviro.jpg,Homepage describes an AI-powered facilities operations platform that autonomously finds building problems and dispatches fixes across sites—AI central and tailored to energy/facilities workflows.,high
S26,Billow AI Labs,accounting / bookkeeping,AI-native Accounting Firm that's killing Deloitte,Close your books in minutes,4,True,https://thebillow.ai/,https://www.ycombinator.com/companies/billow-ai-labs,/home/ubuntu/yc_vertical_ai_sites/screenshots/all_sites/s26-billow-ai-labs.jpg,screenshots/all_sites/s26-billow-ai-labs.jpg,"AI-native accounting firm that automates bookkeeping and month-end closes, integrates with NetSuite & QuickBooks and performs transactional updates (homepage: “Close your books in minutes”, “reads and writes directly in your tools”).",high
S26,hardware intelligence,semiconductor / chip design,AI tools for the chips your AI runs on,hardware intelligence - AI tools for the chips your AI runs on.,4,True,https://hardwareintelligence.ai,https://www.ycombinator.com/companies/hardware-intelligence,/home/ubuntu/yc_vertical_ai_sites/screenshots/all_sites/s26-hardware-intelligence.jpg,screenshots/all_sites/s26-hardware-intelligence.jpg,Positioned as AI tools for chip design/inference hardware (homepage H1: “AI tools for the chips your AI runs on.”) — specialized engineering workflow for semiconductors.,high
S26,Osseus,healthcare / biomedical AI,The frontier data platform for aligned health and biological AI,We’re building medical superintelligence.,3,False,https://osseus.ai/,https://www.ycombinator.com/companies/osseus,/home/ubuntu/yc_vertical_ai_sites/screenshots/all_sites/s26-osseus.jpg,screenshots/all_sites/s26-osseus.jpg,"Platform building medical & biological datasets, RL environments and evaluations for clinical/biological model training (“We’re building medical superintelligence…off‑the‑shelf and custom datasets spanning patient histories, clinician–patient conversations”).",high
S26,Allia Health,behavioral health / clinical operations,AI-Native Medical Group for Mental Health,The intelligent EHR for behavioral health practices,4,True,https://allia.health/,https://www.ycombinator.com/companies/allia-health,/home/ubuntu/yc_vertical_ai_sites/screenshots/all_sites/s26-allia-health.jpg,screenshots/all_sites/s26-allia-health.jpg,"Intelligent EHR for behavioral health with AI documentation and automation that saves clinician time (“The intelligent EHR for behavioral health practices”, “AI documentation and automation handling the busywork”).",high
S26,Salem Robotics Inc,industrial inspection / hazardous facilities robotics,Deploying robots to replace workers in hazardous spaces,Autonomous inspection and data collection in hazardous facilities.,4,True,https://salemroboticsinc.com,https://www.ycombinator.com/companies/salem-robotics-inc,/home/ubuntu/yc_vertical_ai_sites/screenshots/all_sites/s26-salem-robotics-inc.jpg,screenshots/all_sites/s26-salem-robotics-inc.jpg,"Autonomy software for hazardous‑facility inspection and data collection; deploys on existing robots or turnkey systems (“Autonomous inspection and data collection in hazardous facilities”, “Autonomy layer for hazardous‑facility inspection”).",high
S26,Robocurve,robotics evaluation / physical AI benchmarking,Evals for robots,Real-world evaluations of physical AI,4,True,https://robocurve.org,https://www.ycombinator.com/companies/robocurve,/home/ubuntu/yc_vertical_ai_sites/screenshots/all_sites/s26-robocurve.jpg,screenshots/all_sites/s26-robocurve.jpg,"Real‑world evaluations and benchmarks specifically for robotics and physical AI (“Real-world evaluations of physical AI”, measures and reports frontier robotics capabilities).",high
S26,CueBench,scientific / laboratory AI (scientific reasoning),RL post-training for science reasoning and performance engineering,cuebench,3,False,https://cuebench.dev,https://www.ycombinator.com/companies/cuebench,/home/ubuntu/yc_vertical_ai_sites/screenshots/all_sites/s26-cuebench.jpg,screenshots/all_sites/s26-cuebench.jpg,Builds RL environments for scientific reasoning and performance engineering to train models on domain‑specific scientific tasks (homepage: “RL environments for scientific reasoning and performance engineering”).,high
S26,Dawn Industries,industrial automation / manufacturing,Automatic Diagnosis & Fix for Industrial Automation Cells,"When a robot cell stops, VIM gets it running again.",4,True,https://www.dawnxr.com,https://www.ycombinator.com/companies/dawn-industries,/home/ubuntu/yc_vertical_ai_sites/screenshots/all_sites/s26-dawn-industries.jpg,screenshots/all_sites/s26-dawn-industries.jpg,"Product VIM diagnoses and recovers industrial robot cell faults by reading alarms, manuals and logs and giving operator actions (“AI recovery for industrial automation…reads the fault, finds the cause in your manuals and machine logs, and gives the operator one safe next action”).",high
S26,Avoca Systems,radiology / healthcare operations,The AI operating system for radiology networks,Operational intelligence for radiology networks,2,False,https://avocasystems.com,https://www.ycombinator.com/companies/avoca-systems,/home/ubuntu/yc_vertical_ai_sites/screenshots/all_sites/s26-avoca-systems.jpg,screenshots/all_sites/s26-avoca-systems.jpg,"Operational intelligence specifically for radiology networks (booking, voice AI, patient journey optimization) — AI central to clinic/radiology operations (“Operational intelligence for radiology networks”).",high
S26,SubVysion,construction / underground utility mapping,Autonomous rovers to make the ‘Google Maps’ of underground utilities,3D maps of underground infrastructure,4,True,https://subvysion.com,https://www.ycombinator.com/companies/subvysion,/home/ubuntu/yc_vertical_ai_sites/screenshots/all_sites/s26-subvysion.jpg,screenshots/all_sites/s26-subvysion.jpg,"Autonomous rovers and multi‑sensor GPR processing to build 3D maps of underground utilities for contractors and engineers (“3D maps of underground infrastructure”, “Process GPR data”).",high
S26,"SpaceFlow Technologies, Inc.",procurement / supply chain,AI-native procurement services for the physical economy,Hand off the headaches. Keep control.,4,True,https://spaceflow.tech,https://www.ycombinator.com/companies/spaceflow-technologies-inc,/home/ubuntu/yc_vertical_ai_sites/screenshots/all_sites/s26-spaceflow-technologies-inc.jpg,screenshots/all_sites/s26-spaceflow-technologies-inc.jpg,"AI‑native procurement service that automates sourcing, supplier work and recommendations across procurement workflows (“Spaceflow puts category expertise and market intelligence to work across your existing systems”).",high
S26,Petrarch,industrial enterprise data / operations,Internal industrial company data for frontier labs,Yesterday's data serving tomorrow's economy,3,False,https://petrarch.co/,https://www.ycombinator.com/companies/petrarch,/home/ubuntu/yc_vertical_ai_sites/screenshots/all_sites/s26-petrarch.jpg,screenshots/all_sites/s26-petrarch.jpg,Specialized platform that unlocks and structures internal industrial enterprise data for model training and operational insights — domain‑specific data product for industrial workflows (homepage: “Unlocks the specialized knowledge embedded in economically vital businesses”).,medium
S26,Locke,government affairs / public sector workflows,Locke powers agentic government work.,Locke builds AI agents that help companies and governments work together.,4,True,https://locke.inc,https://www.ycombinator.com/companies/locke,/home/ubuntu/yc_vertical_ai_sites/screenshots/all_sites/s26-locke.jpg,screenshots/all_sites/s26-locke.jpg,"Builds agentic AI for government affairs tasks (monitoring regs, lobbying, winning contracts) — AI central and targeted to government/company interactions (“Locke builds AI agents that help companies and governments work together”).",high
S26,Florin,insurance,Florin is an AI-native insurance company that runs autonomously,[No visible H1 captured],2,False,https://florin.inc,https://www.ycombinator.com/companies/florin,/home/ubuntu/yc_vertical_ai_sites/screenshots/all_sites/s26-florin.jpg,screenshots/all_sites/s26-florin.jpg,"Describes itself as an AI‑native insurance company that underwrites specialty risks and binds policies quickly (“Insurance, bound in minutes”) — AI central to insurance operations.",high
S26,Earendil Robotics,defense / autonomous counter‑UAV systems,Drone swarm defence at a small-unit level,Earendil is how the West stays ahead of the threat.,2,False,https://earendil.io,https://www.ycombinator.com/companies/earendil-robotics,/home/ubuntu/yc_vertical_ai_sites/screenshots/all_sites/s26-earendil-robotics.jpg,screenshots/all_sites/s26-earendil-robotics.jpg,Autonomous systems for drone swarm defence and interceptors; defense robotics with autonomous locking/interception capabilities (“HOSTILE UAV INBOUND — AUTONOMOUS LOCK”).,high
S26,Hebbian Robotics,robotics data quality / robotics ML,Automate Data Evaluations for Physical AI and Robotics,Verify quality ofrobotics data formodel training,4,True,https://hebbianrobotics.com/,https://www.ycombinator.com/companies/hebbian-robotics,/home/ubuntu/yc_vertical_ai_sites/screenshots/all_sites/s26-hebbian-robotics.jpg,screenshots/all_sites/s26-hebbian-robotics.jpg,"Offers models and SDK to verify quality of robotics data for model training and automates robotics data QC checks (“Verify quality of robotics data for model training”, “Models trained for robotics data QC”).",high
S26,PRINCEPS,insurance,AI-native insurance company for the compute economy,[No visible H1 captured],2,False,https://princeps.dev,https://www.ycombinator.com/companies/princeps,/home/ubuntu/yc_vertical_ai_sites/screenshots/all_sites/s26-princeps.jpg,screenshots/all_sites/s26-princeps.jpg,Positioned as an AI‑native insurer for the compute economy (“AI‑native insurance company for the compute economy” in YC copy); product page corrupted but core claim indicates insurance vertical with AI underwriting/ops.,medium
S26,Verdict Machine,financial services cybersecurity / on‑chain assets,AI cybersecurity for financial institutions' digital assets,AI cybersecurity for financial institutions' digital assets.,4,True,https://verdictmachine.com,https://www.ycombinator.com/companies/verdict-machine,/home/ubuntu/yc_vertical_ai_sites/screenshots/all_sites/s26-verdict-machine.jpg,screenshots/all_sites/s26-verdict-machine.jpg,AI cybersecurity product tailored to financial institutions’ digital/on‑chain environments; assesses cyber risk and generates tailored controls for institutions (“AI cybersecurity for financial institutions' digital assets”).,high
S26,TovenAI,institutional brokerage compliance,AI agents for compliance at institutional trading firms,AI agents for compliance at institutional brokerages,1,False,https://toven.ai,https://www.ycombinator.com/companies/tovenai,/home/ubuntu/yc_vertical_ai_sites/screenshots/all_sites/s26-tovenai.jpg,screenshots/all_sites/s26-tovenai.jpg,AI agents for compliance at institutional brokerages; integrates with voice/chat/surveillance and reads from desk systems to surface compliance evidence (“AI agents for compliance at institutional brokerages”).,high
S26,Grip,waste management / recycling robotics,Robots for waste manipulation,Redefining the economics of waste.,3,False,https://www.griprobotics.ai,https://www.ycombinator.com/companies/grip,/home/ubuntu/yc_vertical_ai_sites/screenshots/all_sites/s26-grip.jpg,screenshots/all_sites/s26-grip.jpg,Robotics system for waste manipulation with learning/vision capabilities targeted at waste stream processing (“Robots for waste manipulation…A brain that learns the stream — sharper with every grasp.”).,high
S26,Skymerse,aviation / flight operations,Autopilot for Flight Operations,3 hours of flight planning per flight. Automated.,4,True,https://skymerse.com,https://www.ycombinator.com/companies/skymerse,/home/ubuntu/yc_vertical_ai_sites/screenshots/all_sites/s26-skymerse.jpg,screenshots/all_sites/s26-skymerse.jpg,"Automates flight planning and operations with domain‑specific rules, NOTAM/weather integration and operational limits (“3 hours of flight planning per flight. Automated.”).",high
S26,Hubble,medical records / healthcare IT,AI-native retrieval engine for medical records,AI-native medical record retrieval,5,True,https://hubble.ai/,https://www.ycombinator.com/companies/hubble-ai,/home/ubuntu/yc_vertical_ai_sites/screenshots/all_sites/s26-hubble-ai.jpg,screenshots/all_sites/s26-hubble-ai.jpg,"AI‑native medical record retrieval that pulls from EHRs, payers and HIEs and reaches the long tail with voice/browser agents — targeted healthcare workflow (homepage: “AI‑native medical record retrieval”).",high
S26,83 Sciences,materials discovery / industrial R&D,AI-native materials discovery powered by unpublished experimental data,New materials and breakthroughs from unpublished lab data,5,True,https://83sciences.ai,https://www.ycombinator.com/companies/83-sciences,/home/ubuntu/yc_vertical_ai_sites/screenshots/all_sites/s26-83-sciences.jpg,screenshots/all_sites/s26-83-sciences.jpg,"AI‑native materials discovery using unpublished experimental lab data to accelerate discovery in materials, energy storage, catalysis and life sciences (“New materials and breakthroughs from unpublished lab data”).",high
S26,Shiraz AI,manufacturing robotics / assembly automation,Robots that learn on the job,Robots that learn on the job.,4,True,https://shiraz.ai,https://www.ycombinator.com/companies/shiraz-ai,/home/ubuntu/yc_vertical_ai_sites/screenshots/all_sites/s26-shiraz-ai.jpg,screenshots/all_sites/s26-shiraz-ai.jpg,"Provides robot foundation model + hardware for manufacturing tasks that learn from a single human demonstration and deploys on production lines (“Robots that learn on the job…delivered working on your line: hardware, model, and deployment”).",high
S26,Derya,industrial sales / trade brokerage,AI Brokers for Industrial Trade,"Derya operates your industrial sales, start to finish.",4,True,http://usederya.com,https://www.ycombinator.com/companies/derya,/home/ubuntu/yc_vertical_ai_sites/screenshots/all_sites/s26-derya.jpg,screenshots/all_sites/s26-derya.jpg,"AI brokers for industrial trade that automate lead generation, conversations and transactions for industrial sellers — targeted to industrial sales workflows (“Derya operates your industrial sales, start to finish.”).",high
S26,Pennant,corporate governance / asset management,The World Model for Corporate Governance,The CorpGov OS for I n s t i t u t i o n a l I n v e s t o r s,4,True,https://www.getpennant.ai,https://www.ycombinator.com/companies/pennant,/home/ubuntu/yc_vertical_ai_sites/screenshots/all_sites/s26-pennant.jpg,screenshots/all_sites/s26-pennant.jpg,"Corporate governance OS for institutional investors providing vote analysis, policy‑aligned recommendations and governance workflows tailored to investor governance teams (“The CorpGov OS for Institutional Investors”).",high
S26,CarSignal,auto repair / auto shop management,The AI Operating System for Auto Shops.,The AI operating system for auto shops.,4,True,https://www.trycarsignal.com,https://www.ycombinator.com/companies/carsignal,/home/ubuntu/yc_vertical_ai_sites/screenshots/all_sites/s26-carsignal.jpg,screenshots/all_sites/s26-carsignal.jpg,"AI operating system for auto shops that handles intake, diagnostics, estimates, scheduling and payments — tailored to auto repair shop workflows (“The AI operating system for auto shops.”).",high
S26,Axelrod,hospitality / hotel operations,Hotels that run themselves,Axelrod Labs builds self-improving environments for human life in a post-scarcity world. Starting with hospitality.,3,False,https://axelrodlabs.com/,https://www.ycombinator.com/companies/axelrod,/home/ubuntu/yc_vertical_ai_sites/screenshots/all_sites/s26-axelrod.jpg,screenshots/all_sites/s26-axelrod.jpg,"Positions itself as building self‑improving environments starting with hospitality; aims to automate hotel operations (“Hotels that run themselves”, hospitality‑focused copy).",medium
S26,Levocred AI,lending / credit underwriting,The Bloomberg of Loans,The AI Workforce for Lenders,4,True,https://levocred.com/,https://www.ycombinator.com/companies/levocred-ai,/home/ubuntu/yc_vertical_ai_sites/screenshots/all_sites/s26-levocred-ai.jpg,screenshots/all_sites/s26-levocred-ai.jpg,"Described as “The AI Workforce for Lenders” and automates underwriting, monitoring and compliance workflows for lenders and credit funds (homepage: “Automate workflows like back‑office tasks, portfolio monitoring, compliance and underwriting”).",high
S26,Praxis Robotics,robotics data pipelines / industrial robotics,Turns real businesses into robotics data vendors,Great men were forged by great teachers.,1,False,https://www.praxisrobotics.io,https://www.ycombinator.com/companies/praxis-robotics,/home/ubuntu/yc_vertical_ai_sites/screenshots/all_sites/s26-praxis-robotics.jpg,screenshots/all_sites/s26-praxis-robotics.jpg,Turns operational businesses into robotics data vendors and provides tooling to capture egocentric/mocap/robot streams for robotics model training — industry‑specific robotics data workflow.,high
S26,Care GP,primary care / clinic operations,AI agents to run primary healthcare operations,Intelligent automation for Australian GP clinics,1,False,https://caregp.com.au/,https://www.ycombinator.com/companies/care-gp,/home/ubuntu/yc_vertical_ai_sites/screenshots/all_sites/s26-care-gp.jpg,screenshots/all_sites/s26-care-gp.jpg,"AI agents automate end‑to‑end clinic workflows for Australian GP clinics (document allocation, phone/booking automation, agent suite for clinic ops) — healthcare practice automation.",high
S26,Radley,healthcare (radiology),The AI-native radiology practice,Radiology built to keep up.,4,True,https://radley.health/,https://www.ycombinator.com/companies/radley,/home/ubuntu/yc_vertical_ai_sites/screenshots/all_sites/s26-radley.jpg,screenshots/all_sites/s26-radley.jpg,"Homepage positions Radley as an ""AI-native radiology practice"" — AI drafts reads that board-certified radiologists review/sign; product automates radiology workflow for hospitals/imaging centers.",high
S26,ProvenMetal,manufacturing (electronics/PCB),AI-native electronics manufacturing for the American industrial base,We build circuit boards fast.,4,True,https://provenmetal.com,https://www.ycombinator.com/companies/provenmetal,/home/ubuntu/yc_vertical_ai_sites/screenshots/all_sites/s26-provenmetal.jpg,screenshots/all_sites/s26-provenmetal.jpg,"Homepage describes AI-native electronics manufacturing: automated quoting, DFM, supplier routing and production orchestration to cut PCB lead times—AI central to an industry-specific manufacturing workflow.",medium
S26,Cosmic Robotics,construction,Autonomous construction on Earth and beyond,AUTONOMOUS CONSTRUCTION ON EARTH AND BEYOND,5,True,https://www.cosmicrobotics.com/,https://www.ycombinator.com/companies/cosmic-robotics,/home/ubuntu/yc_vertical_ai_sites/screenshots/all_sites/s26-cosmic-robotics.jpg,screenshots/all_sites/s26-cosmic-robotics.jpg,"Homepage explicitly markets ""Autonomous construction"" and robotic equipment for infrastructure (solar and data centers) — autonomous robotics applied to the construction vertical.",high
S26,Waybill,supply chain & procurement (hardware/deep tech),Agentic procurement & inventory for deep tech teams.,Procurement on autopilot.,4,True,https://www.waybill.to/,https://www.ycombinator.com/companies/waybill,/home/ubuntu/yc_vertical_ai_sites/screenshots/all_sites/s26-waybill.jpg,screenshots/all_sites/s26-waybill.jpg,"Homepage states ""Procurement on autopilot"" and describes agentic sourcing, negotiation, freight, customs and inventory automation targeted at hardware/deep‑tech teams—AI/agentic automation central to an industry workflow.",high
S26,Last Accounting Company,accounting & finance,AI-native accounting firm.,There's a Björn for that.,4,True,https://lastaccountingcompany.com/,https://www.ycombinator.com/companies/last-accounting-company,/home/ubuntu/yc_vertical_ai_sites/screenshots/all_sites/s26-last-accounting-company.jpg,screenshots/all_sites/s26-last-accounting-company.jpg,"Homepage advertises an ""AI‑native accounting firm"" where an agent (Björn) handles manual accounting work and accountants sign off—AI is central to an accounting firm workflow.",high
S26,Financial Datasets,finance (market data for AI agents),Connect your agents to the stock market,Connect your agent to the stock market,4,True,https://financialdatasets.ai/,https://www.ycombinator.com/companies/financial-datasets,/home/ubuntu/yc_vertical_ai_sites/screenshots/all_sites/s26-financial-datasets.jpg,screenshots/all_sites/s26-financial-datasets.jpg,"Homepage frames itself as a stock market API ""built for the AI era"" to ""connect your agent to the stock market""—market-data infrastructure designed for AI agents in finance (industry‑specific, AI‑native).",high
S26,Isengard Industries Inc,defense (autonomous weapons/Counter‑UAS),Mass-produced AI strike systems and Counter-UAS,AI WEAPONS OF MASS PRODUCTION.,4,True,http://isengardindustries.com/,https://www.ycombinator.com/companies/isengard-industries-inc,/home/ubuntu/yc_vertical_ai_sites/screenshots/all_sites/s26-isengard-industries-inc.jpg,screenshots/all_sites/s26-isengard-industries-inc.jpg,"Homepage explicitly markets AI‑guided precision munitions, combat UAVs and counter‑UAS systems—AI autonomy is central and applied to defense workflows.",high
S26,Ekho Labs,supply chain & logistics (freight),World Model for Freight,The decision layer for disrupted freight.,4,True,https://ekholabs.com/,https://www.ycombinator.com/companies/ekho-labs,/home/ubuntu/yc_vertical_ai_sites/screenshots/all_sites/s26-ekho-labs.jpg,screenshots/all_sites/s26-ekho-labs.jpg,"Homepage describes a ""decision layer for disrupted freight"" and PO‑level reroutes, carrier alternatives and booking windows—freight‑specific AI modeling and decisioning are central.",high
S26,Moving Atoms,robotics / manufacturing (robot training & simulation),Virtual Reality for Training Robots,[No visible H1 captured],4,True,https://movingatoms.ai/,https://www.ycombinator.com/companies/moving-atoms,/home/ubuntu/yc_vertical_ai_sites/screenshots/all_sites/s26-moving-atoms.jpg,screenshots/all_sites/s26-moving-atoms.jpg,"Positions itself as simulation and data layer powering Physical AI: SimReady assets, simulation training data and evaluation for robots—AI/ML-driven robot training targeted to robotics/manufacturing workflows.",high
S26,Vestris,real estate (closings/settlement),AI native platform for real estate closings,[No visible H1 captured],4,True,https://vestris.ai/,https://www.ycombinator.com/companies/vestris,/home/ubuntu/yc_vertical_ai_sites/screenshots/all_sites/s26-vestris.jpg,screenshots/all_sites/s26-vestris.jpg,"Homepage describes an ""AI platform that runs the real estate settlement process"" automating document routing, title clearing and coordination—AI is central and tailored to real‑estate closing workflows.",high
S26,Neuron Industries,industrial controls / manufacturing,Industrial Controllers built for AI,Meet the Cortex AIC.,4,True,https://neuronindustries.com,https://www.ycombinator.com/companies/neuron-industries,/home/ubuntu/yc_vertical_ai_sites/screenshots/all_sites/s26-neuron-industries.jpg,screenshots/all_sites/s26-neuron-industries.jpg,"Homepage markets the Cortex AIC as an ""AI‑native industrial controller"" replacing PLC/HMI/historian with AI‑native workflows—AI central to industrial control workflows.",high
S26,Neuromorphic,biotech / lab automation (wet labs),Building robots to automate wetlabs,Robots that automate wet labs.,4,True,https://www.neuromorphic.vision/,https://www.ycombinator.com/companies/neuromorphic,/home/ubuntu/yc_vertical_ai_sites/screenshots/all_sites/s26-neuromorphic.jpg,screenshots/all_sites/s26-neuromorphic.jpg,"Homepage describes robots that move samples, operate instruments and run experiments with an LLM-based orchestrator—fully autonomous lab automation for wet‑lab workflows.",high
S26,LATO,finance / investor research,Predict how market participants behave,Recreate any market,4,True,https://www.latolabs.io/,https://www.ycombinator.com/companies/lato,/home/ubuntu/yc_vertical_ai_sites/screenshots/all_sites/s26-lato.jpg,screenshots/all_sites/s26-lato.jpg,"Homepage positions LATO as ""agent‑native research for investors"" that recreates markets and runs simulations from expert interviews and documents—AI/agentic modeling targeted to investment/market research.",high
S26,Risklytics,insurance (frontier tech underwriting),AI-Native Insurance for Frontier Tech,[No visible H1 captured],1,False,https://www.risklytics.ai/,https://www.ycombinator.com/companies/risklytics,/home/ubuntu/yc_vertical_ai_sites/screenshots/all_sites/s26-risklytics.jpg,screenshots/all_sites/s26-risklytics.jpg,"Described as ""AI‑Native Insurance for Frontier Tech""—insurance product positioned as AI‑native for a specific underwriting market (frontier tech); homepage title supports domain‑specific AI use.",medium
S26,Daqstra,industrial R&D (test infrastructure for aerospace/energy/robotics),AI-native test infrastructure layer for hardware companies,The operating layer for complex test infrastructure.,4,True,https://www.daqstra.com,https://www.ycombinator.com/companies/daqstra,/home/ubuntu/yc_vertical_ai_sites/screenshots/all_sites/s26-daqstra.jpg,screenshots/all_sites/s26-daqstra.jpg,"Homepage calls itself ""The AI‑native API for Physical R&D""—connects hardware/unifies test data and orchestrates runs for aerospace, energy and robotics; AI/automation central to industry test workflows.",high
S26,Qlo,insurance (commercial underwriting),Legora for commercial insurance carriers,One instruction in Outlook replaces all the handoffs.,4,True,https://www.getqlo.com/,https://www.ycombinator.com/companies/qlo,/home/ubuntu/yc_vertical_ai_sites/screenshots/all_sites/s26-qlo.jpg,screenshots/all_sites/s26-qlo.jpg,"Homepage explicitly advertises ""AI for commercial insurance underwriting"" that automates submission handling and underwriting workflows—AI central and industry‑specific.",high
S26,Rational,accounting & finance,First Zero-human Accounting Firm,The zero-human accounting firm.,4,True,https://rational.to,https://www.ycombinator.com/companies/rational,/home/ubuntu/yc_vertical_ai_sites/screenshots/all_sites/s26-rational.jpg,screenshots/all_sites/s26-rational.jpg,"Homepage proclaims ""The zero‑human accounting firm"" and ""Accounting, run entirely by AI""—AI is central and applied to the accounting profession.",high
S26,Whitespace,wholesale distribution / supply chain,AI Operating System for Wholesale Distribution,Grow your wholesale distribution business with AI,4,True,https://whitespacehq.ai/,https://www.ycombinator.com/companies/whitespace,/home/ubuntu/yc_vertical_ai_sites/screenshots/all_sites/s26-whitespace.jpg,screenshots/all_sites/s26-whitespace.jpg,"Homepage describes an ""AI Operating System for Wholesale Distribution"" with agents that forecast demand, recommend orders and take actions—AI central to a wholesale distribution workflow.",high
S26,Greypoint Industries,defense (autonomous sensing & interceptors),Building drone swarms that hunt hidden enemies.,MANUFACTURING THE FUTURE OF AUTONOMOUS WARFARE,4,True,https://greypointindustries.com/,https://www.ycombinator.com/companies/greypoint-industries,/home/ubuntu/yc_vertical_ai_sites/screenshots/all_sites/s26-greypoint-industries.jpg,screenshots/all_sites/s26-greypoint-industries.jpg,"Homepage describes autonomous sensing, geolocation and autonomous interceptors (swarming/teaming) applied to battlefield/defense use—AI autonomy central to the domain product.",high
S26,Hilstart,hardware testing / electronics R&D,Autonomous Hardware Testing,"Hardware development, on autopilot.",4,True,https://hilstart.io/,https://www.ycombinator.com/companies/hilstart,/home/ubuntu/yc_vertical_ai_sites/screenshots/all_sites/s26-hilstart.jpg,screenshots/all_sites/s26-hilstart.jpg,"Homepage markets agent‑driven autonomous hardware testing: reads schematics/BoM, generates tests, runs them on real hardware—AI/agent automation central to electronics testing workflows.",high
S26,Bloomy,education (K-12),AI-native learning for every school,Mastery learning for every student,4,True,https://bloomylearning.com/,https://www.ycombinator.com/companies/bloomy,/home/ubuntu/yc_vertical_ai_sites/screenshots/all_sites/s26-bloomy.jpg,screenshots/all_sites/s26-bloomy.jpg,"K-12 focused adaptive learning platform using AI for diagnostics, mastery gating, and AI tutoring targeted to schools and students.",high
S26,FlowManual,construction,AI for Construction's Back Office,From drawing takeoff to a bid you can stand behind.,4,True,https://flowmanual.com/,https://www.ycombinator.com/companies/flowmanual,/home/ubuntu/yc_vertical_ai_sites/screenshots/all_sites/s26-flowmanual.jpg,screenshots/all_sites/s26-flowmanual.jpg,Construction-specific takeoff and estimating software for contractors (construction back-office workflows; YC description references AI for construction).,high
S26,Elite,healthcare (medical front desk),Healthcare AI,You treat patients. We’ll take the calls.,5,True,https://elitehq.ai/,https://www.ycombinator.com/companies/elite,/home/ubuntu/yc_vertical_ai_sites/screenshots/all_sites/s26-elite.jpg,screenshots/all_sites/s26-elite.jpg,"AI voice agents running healthcare front-office tasks (calls, bookings, triage, insurance questions) — AI central and targeted to clinics/providers.",high
S26,Peer,supply chain / logistics (freight brokerage),AI-native freight brokerage,Difficult freight handled right,4,True,https://peer-freight.com,https://www.ycombinator.com/companies/peer,/home/ubuntu/yc_vertical_ai_sites/screenshots/all_sites/s26-peer.jpg,screenshots/all_sites/s26-peer.jpg,"AI-native freight brokerage: uses AI to quote, vet carriers, and run freight operations for trucking/logistics (industry-specific).",high
S26,Agency Tool Company,manufacturing & robotics (field robotics),"Reliable infrastructure to build, deploy and manage real-world robots.",Field Robots Faster.,4,True,https://agencytool.com,https://www.ycombinator.com/companies/agency-tool-company,/home/ubuntu/yc_vertical_ai_sites/screenshots/all_sites/s26-agency-tool-company.jpg,screenshots/all_sites/s26-agency-tool-company.jpg,"Provides infrastructure to build, deploy, manage fielded robots — robotics-specific operational tooling (AI/robotics central, specialized workflow).",high
S26,Standard Machines,semiconductor / chip design,Teaching AI to Design Chips,Standard Machines is a research company building environments and evaluations for advanced chip design.,,False,https://standardmachines.com,https://www.ycombinator.com/companies/standard-machines,,,Research/product focused on RL environments and evaluations for advanced chip design — AI applied to semiconductor design workflows.,high
S26,EdotEnv,finance / quantitative trading,Quant Neolab building self-improving agents from quant data,[No visible H1 captured],,False,https://edotenv.com,https://www.ycombinator.com/companies/edotenv,,,Builds RL environments from financial market data to train self-improving agents — AI central and targeted to quant finance.,high
S26,Callbook AI,financial services / debt collection,AI collections agency for late stage portfolios,The AI collections agency,4,True,https://callbook.ai,https://www.ycombinator.com/companies/callbook-ai,/home/ubuntu/yc_vertical_ai_sites/screenshots/all_sites/s26-callbook-ai.jpg,screenshots/all_sites/s26-callbook-ai.jpg,"AI collections agency: AI agents locate, contact, and negotiate with borrowers across voice/SMS/email — AI central and focused on debt collection workflows.",high
S26,Rasyn,industrial chemicals / materials design,"Making chemicals 100,000x faster",Industrial chemicals. Designed with AI.,4,True,https://www.rasyn.ai/,https://www.ycombinator.com/companies/rasyn,/home/ubuntu/yc_vertical_ai_sites/screenshots/all_sites/s26-rasyn.jpg,screenshots/all_sites/s26-rasyn.jpg,Designs industrial compounds and formulations with AI models; offers chemical/material design and formulation services (domain-specific AI).,high
S26,Manifold,supply chain / warehousing,Drop-in robotic labor that works on Day 1,"Autonomous robots for the warehouse, deployed like labor.",4,True,https://www.manifoldindustries.ai/,https://www.ycombinator.com/companies/manifold-2,/home/ubuntu/yc_vertical_ai_sites/screenshots/all_sites/s26-manifold-2.jpg,screenshots/all_sites/s26-manifold-2.jpg,"Autonomous warehouse robots delivering picking, loading/unloading, and palletizing as an on-demand labor service — robotics + AI central to warehouse operations.",high
S26,Spectre Intelligence,finance / trading,We are a multi-strategy trading firm that trains AI traders.,Spectre,3,False,https://www.spectreintelligence.ai,https://www.ycombinator.com/companies/spectre-intelligence,/home/ubuntu/yc_vertical_ai_sites/screenshots/all_sites/s26-spectre-intelligence.jpg,screenshots/all_sites/s26-spectre-intelligence.jpg,Multi-strategy trading firm training AI traders and agentic systems for financial markets — AI central and finance-specific.,high
S26,Zaplar,hospitality / hotels,Agentic Hotel Operating System,Built for exceptional hoteliers,4,True,https://zaplar.com,https://www.ycombinator.com/companies/zaplar,/home/ubuntu/yc_vertical_ai_sites/screenshots/all_sites/s26-zaplar.jpg,screenshots/all_sites/s26-zaplar.jpg,"Agentic hotel operating system that autonomously manages bookings, operations, and vendor workflows — AI central and targeted to hotels/hospitality.",high
S26,Prodigy Research,finance / quantitative trading,Training the world's best AI model for quantitative finance.,Frontier AI for quantitative finance.,3,False,https://prodigy.markets,https://www.ycombinator.com/companies/prodigy-research,/home/ubuntu/yc_vertical_ai_sites/screenshots/all_sites/s26-prodigy-research.jpg,screenshots/all_sites/s26-prodigy-research.jpg,Research lab training foundation models specifically for quantitative finance and live trading — AI central and finance-focused.,high
S26,Marble,restaurants / food service,The autonomous back-of-house for restaurants.,The autonomous back of house for restaurants.,3,False,https://joinmarble.ai/,https://www.ycombinator.com/companies/joinmarble,/home/ubuntu/yc_vertical_ai_sites/screenshots/all_sites/s26-joinmarble.jpg,screenshots/all_sites/s26-joinmarble.jpg,"Autonomous back-of-house operating system for restaurant groups handling ordering, prep, inventory, scheduling — AI central and hospitality/restaurant-focused.",high
S26,Audun,financial services / debt collection,AI-native debt collection company,audun.co,,False,https://audun.co,https://www.ycombinator.com/companies/audun,,,Described as an AI-native debt collection company (AI central to collections workflows) per YC description and site.,medium
S26,Alloovium,construction,The company brain for construction companies,The construction system that’s,3,False,https://www.alloovium.com/en,https://www.ycombinator.com/companies/alloovium,/home/ubuntu/yc_vertical_ai_sites/screenshots/all_sites/s26-alloovium.jpg,screenshots/all_sites/s26-alloovium.jpg,"Construction-focused “company brain” that captures, connects, and automates construction project documents and workflows using AI — industry-specific product for general contractors.",high
S26,Bizmark,manufacturing / industrial operations,OpenClaw for manufacturers,Systems of Applied Intelligence,3,False,https://bizmark.ai,https://www.ycombinator.com/companies/bizmark,/home/ubuntu/yc_vertical_ai_sites/screenshots/all_sites/s26-bizmark.jpg,screenshots/all_sites/s26-bizmark.jpg,"Automates and optimizes manufacturing/operational decisions (procurement, inventory, planning) with applied AI agents deployed in factories and distributors — industry-specific automation.",high
S26,RealPact,real estate / brokerages,AI-native OS for Real Estate Brokerages,AI agents for real estate.,3,False,https://realpact.ai,https://www.ycombinator.com/companies/realpact,/home/ubuntu/yc_vertical_ai_sites/screenshots/all_sites/s26-realpact.jpg,screenshots/all_sites/s26-realpact.jpg,"AI-native OS for real estate brokerages: voice agents that pull deeds, tax, MLS records and fill contracts — AI central and tailored to brokerages/transactions.",high
S26,GUILD,defense / government manufacturing,AI-Native Defense Contractor,Automating defense production.,4,True,https://www.guildai.co,https://www.ycombinator.com/companies/guild,/home/ubuntu/yc_vertical_ai_sites/screenshots/all_sites/s26-guild.jpg,screenshots/all_sites/s26-guild.jpg,"AI-native defense contractor automating government/aerospace manufacturing planning, compliance, and production — AI central and defense-specific.",high
S26,Floracene,healthcare,"Vibecode + deploy HIPAA-compliant internal tools, no eng team needed",The operating layer for healthcare.,4,True,https://www.floracene.com/,https://www.ycombinator.com/companies/floracene,/home/ubuntu/yc_vertical_ai_sites/screenshots/all_sites/s26-floracene.jpg,screenshots/all_sites/s26-floracene.jpg,HIPAA-compliant operating layer for healthcare to build and deploy internal tools — healthcare-specific internal tooling with compliance focus (AI implied in YC copy).,medium
S26,Instaplay,gaming,AI-native gaming platform turning every game into an RL environment,[No visible H1 captured],1,False,https://instaplay.ai,https://www.ycombinator.com/companies/instaplay,/home/ubuntu/yc_vertical_ai_sites/screenshots/all_sites/s26-instaplay.jpg,screenshots/all_sites/s26-instaplay.jpg,AI-native gaming platform that turns games into RL environments (creates agent training environments specific to gaming workflows).,medium
S26,Verdant,government / local government,AI Agents to Make Local Gov Efficient,Preparing Government for the Agentic Age.,4,True,https://www.verdantapp.com/,https://www.ycombinator.com/companies/verdant,/home/ubuntu/yc_vertical_ai_sites/screenshots/all_sites/s26-verdant.jpg,screenshots/all_sites/s26-verdant.jpg,"System of record and internal agents built for local government to handle applications, submissions, and reviews — AI central and government-focused.",high
S26,IMPACT Drones,defense / infrastructure security,Air Defense as a Service for Civilian Infrastructure.,ADaaS. Air Defense as a Service,4,True,https://www.impact-drones.com,https://www.ycombinator.com/companies/impact-drones,/home/ubuntu/yc_vertical_ai_sites/screenshots/all_sites/s26-impact-drones.jpg,screenshots/all_sites/s26-impact-drones.jpg,Air Defense as a Service for civilian infrastructure (drone defense) — autonomous/sensor systems and AI used for defense/security of critical sites.,high
S26,Insurf,insurance / health insurance,The AI-Native Decision Layer for Health Insurance,We find people and companies the plan that costs the least. We fight the denials that cost the most.,3,False,https://www.insurf.io,https://www.ycombinator.com/companies/insurf,/home/ubuntu/yc_vertical_ai_sites/screenshots/all_sites/s26-insurf.jpg,screenshots/all_sites/s26-insurf.jpg,"AI-native decision layer for health insurance (plan pricing, denial appeals, prior auths) — AI central and targeted to insurers and clinics.",high
S26,Studio,CPG & QSR (marketing / consumer decision simulation),Accurately simulate market response at scale,Simulate every future. Engineer the response you want.,5,True,https://trystudio.ai,https://www.ycombinator.com/companies/studio,/home/ubuntu/yc_vertical_ai_sites/screenshots/all_sites/s26-studio.jpg,screenshots/all_sites/s26-studio.jpg,"Homepage brands itself as consumer decision simulation for CPG & QSR, building living market simulations and forecasting accuracy — AI/ML simulation is central and tailored to CPG/QSR marketing workflows.",high
S26,Bernard,home appliance repair / field service,AI employees that run home appliance repair companies,Capture every call. Plan every repair.,4,True,https://bernardhq.com/,https://www.ycombinator.com/companies/bernard,/home/ubuntu/yc_vertical_ai_sites/screenshots/all_sites/s26-bernard.jpg,screenshots/all_sites/s26-bernard.jpg,"Described and shown on homepage as AI employees/agents that capture calls, identify job types, apply repair rules, schedule techs and manage parts for appliance repair companies — AI is central and focused on a specific trades/service vertical.",high
S26,MusicArena,music production / audio benchmarking,The crowdsourced benchmark for AI-generated music and music production,▸ Producer Arena,2,False,https://musicarena.io/,https://www.ycombinator.com/companies/musicarena,/home/ubuntu/yc_vertical_ai_sites/screenshots/all_sites/s26-musicarena.jpg,screenshots/all_sites/s26-musicarena.jpg,Positioned as a crowdsourced benchmark for AI‑generated music and music production (Producer Arena examples comparing models) — AI/ML is central and aimed at the music production domain.,medium
S26,Maingen,industrials / industrial operations,Simulating Agents Running Industrial Companies,Industrials deployment research lab,3,False,https://www.maingen.com/,https://www.ycombinator.com/companies/maingen,/home/ubuntu/yc_vertical_ai_sites/screenshots/all_sites/s26-maingen.jpg,screenshots/all_sites/s26-maingen.jpg,Homepage describes benchmarking models on safely running industrial systems and simulating agents to run industrial companies — AI multi‑agent simulation is central and targeted to industrials/energy operations.,high
S26,Enact,robotics / manufacturing (robot training & deployment),Real-world RL environments for robotics models,The post-training layer for physical AI.,3,False,https://enact.company,https://www.ycombinator.com/companies/enact,/home/ubuntu/yc_vertical_ai_sites/screenshots/all_sites/s26-enact.jpg,screenshots/all_sites/s26-enact.jpg,"Homepage states Enact generates real‑world robotics data, rolls out policies, identifies failure states and creates targeted demos/recovery datasets — RL/robotics data and evaluation for physical AI is central and domain‑specific.",high
S26,Rex,finance & accounting (order-to-cash),AI-native BPO for enterprise order-to-cash,Your AI operations partner for order to cash,4,True,https://www.rex.inc,https://www.ycombinator.com/companies/rex-inc,/home/ubuntu/yc_vertical_ai_sites/screenshots/all_sites/s26-rex-inc.jpg,screenshots/all_sites/s26-rex-inc.jpg,"Homepage describes an AI‑native partner that manages order‑to‑cash with AI agents (invoices collected, disputes triaged, payments applied) — AI is central and tailored to the finance/order‑to‑cash workflow.",high
S26,Zomma,financial services back office / compliance,"The AI BPO for financial servies, run by computer-use agents",Computer-use agents for the financial back office.,4,True,https://zommalabs.com,https://www.ycombinator.com/companies/zomma,/home/ubuntu/yc_vertical_ai_sites/screenshots/all_sites/s26-zomma.jpg,screenshots/all_sites/s26-zomma.jpg,"Homepage shows computer‑use agents for financial back‑office tasks (screening, registries, portals) working on existing screens/portals — AI automation central and targeted to financial services compliance/back‑office workflows.",high
S26,NebuSec,cybersecurity / autonomous defense,Autonomous AI defense system for cyber attack,An AI defense system for cyber attack,4,True,https://nebusec.ai,https://www.ycombinator.com/companies/nebusec,/home/ubuntu/yc_vertical_ai_sites/screenshots/all_sites/s26-nebusec.jpg,screenshots/all_sites/s26-nebusec.jpg,Homepage markets an AI defense system that watches code and cloud continuously and finds/verifies vulnerabilities — agentic AI is central and applied to cybersecurity operations.,high
S26,Palisade,marketplaces / e-commerce sales agents,AI-native sales agents that run marketplaces,Agents that make markets.,1,False,https://palisade.run,https://www.ycombinator.com/companies/palisade,/home/ubuntu/yc_vertical_ai_sites/screenshots/all_sites/s26-palisade.jpg,screenshots/all_sites/s26-palisade.jpg,"Homepage: 'Agents that make markets' — AI agents integrated with catalog/CRM to run marketplace sales, buyer/seller agents and live pricing/checkout automation — AI central and marketplace‑specific.",high
S26,Trope,ERP operations / enterprise back-office automation,AI FDE that deploys custom AI agents into ERPs,We deploy custom AI agents into your ERP.,4,True,https://trope.ai,https://www.ycombinator.com/companies/trope,/home/ubuntu/yc_vertical_ai_sites/screenshots/all_sites/s26-trope.jpg,screenshots/all_sites/s26-trope.jpg,"Homepage: deploys custom AI agents into ERPs, built around custom ERP configs/processes, sandboxed and proven — AI agents are central and explicitly tailored to ERP enterprise workflows.",high
S26,Perceptron ML,legal / law firm operations,We make law firms AI-native.,AI software built for your law firm.,4,True,https://perceptronml.com,https://www.ycombinator.com/companies/perceptron-ml,/home/ubuntu/yc_vertical_ai_sites/screenshots/all_sites/s26-perceptron-ml.jpg,screenshots/all_sites/s26-perceptron-ml.jpg,"Homepage: builds bespoke AI systems for law firms (intake, discovery, drafting, research, AI timekeeping) — AI/ML is central and tailored to legal practice workflows.",high
S26,Erinys,legal / law firm operations,We help lawyers start and scale AI-native law firms.,Welcome to the firm you almost started.,1,False,https://erinys.ai,https://www.ycombinator.com/companies/erinys,/home/ubuntu/yc_vertical_ai_sites/screenshots/all_sites/s26-erinys.jpg,screenshots/all_sites/s26-erinys.jpg,"Offers to launch and operate AI‑native law firms, providing software, staff and back office; AI is central and focused on the legal vertical.",high
S26,HERA,manufacturing / engineering documentation & QA,We make sure every factory in the world builds without mistakes.,HERA does your engineering team’s busywork.,4,True,https://www.manufacturingintelligence.org,https://www.ycombinator.com/companies/manufacturingintelligence,/home/ubuntu/yc_vertical_ai_sites/screenshots/all_sites/s26-manufacturingintelligence.jpg,screenshots/all_sites/s26-manufacturingintelligence.jpg,"Homepage (HERA) describes automating engineering busywork: reading drawings, comparing revisions, drafting findings tied to governing requirements — AI is central and targeted to manufacturing/engineering workflows.",high
S26,Donkey,supply chain / procurement & trading,"The AI-native trading company: factory prices, delivered, one number","Factory prices, delivered, one number.",4,True,https://donkey.trade,https://www.ycombinator.com/companies/donkey,/home/ubuntu/yc_vertical_ai_sites/screenshots/all_sites/s26-donkey.jpg,screenshots/all_sites/s26-donkey.jpg,Homepage: 'AI‑native trading company' that takes buying lists and returns landed/container prices with tariffs and delivery — AI automation central and tailored to procurement/supply‑chain trading workflows.,high
S26,Pango,e-commerce logistics / shipping & returns,Agentic OS for e-commerce operations,Shipping and returns on autopilot,4,True,https://pango.ai/,https://www.ycombinator.com/companies/pango,/home/ubuntu/yc_vertical_ai_sites/screenshots/all_sites/s26-pango.jpg,screenshots/all_sites/s26-pango.jpg,"Homepage describes an autopilot for deliveries, tracking and returns with agents that automate shipping/return decisions and updates — AI central and focused on e‑commerce logistics workflows.",high
S26,Torus,engineering intelligence / capital projects,Legora for physical engineering firms,"Agents that think in P&IDs, HMBs, and spec sheets.",4,True,https://www.usetorus.com,https://www.ycombinator.com/companies/torus,/home/ubuntu/yc_vertical_ai_sites/screenshots/all_sites/s26-torus.jpg,screenshots/all_sites/s26-torus.jpg,"Homepage: 'Agents that think in P&IDs, HMBs, and spec sheets' and cross‑reference specs/drawings — AI agents are central and built specifically for engineering/capital project workflows.",high
S26,Kebra,field service / skilled workforce operations,AI For The Skilled Workforce,Technicians for the AI economy.,4,True,https://kebra.com,https://www.ycombinator.com/companies/kebra,/home/ubuntu/yc_vertical_ai_sites/screenshots/all_sites/s26-kebra.jpg,screenshots/all_sites/s26-kebra.jpg,Homepage copy positions product as making the field queryable and enabling technicians for the AI economy — targeted AI for frontline/skilled‑labor workflows.,medium
S26,Proprio Robotics,data center maintenance / robotics,Robots to maintain and assemble data centers,[No visible H1 captured],4,True,https://www.propriorobotics.com/,https://www.ycombinator.com/companies/proprio-robotics,/home/ubuntu/yc_vertical_ai_sites/screenshots/all_sites/s26-proprio-robotics.jpg,screenshots/all_sites/s26-proprio-robotics.jpg,"Homepage states robots enabling autonomous data centers performing tasks like fan insertion, cabling, disk hot‑swap — autonomous robotics focused on data‑center maintenance is central and industry‑specific.",high
S26,Trident,cybersecurity / offensive & continuous security,Autonomous offensive security agents. The best defense is offense,Continuous Security.,4,True,https://tridentsecurity.io/,https://www.ycombinator.com/companies/trident,/home/ubuntu/yc_vertical_ai_sites/screenshots/all_sites/s26-trident.jpg,screenshots/all_sites/s26-trident.jpg,"Homepage presents AI agents that continuously test apps/APIs/cloud, review PRs and produce pentest findings — agentic AI is central and applied to security operations.",high
S26,Atlas Discovery,pharma / drug discovery,AI-native pharma company,[No visible H1 captured],2,False,https://atlasdiscovery.bio,https://www.ycombinator.com/companies/atlas-discovery,/home/ubuntu/yc_vertical_ai_sites/screenshots/all_sites/s26-atlas-discovery.jpg,screenshots/all_sites/s26-atlas-discovery.jpg,Homepage: 'AI‑native pharma' building autonomous agents to repurpose drugs and run trials — AI central and directly applied to pharmaceutical/drug‑discovery workflows.,high
S26,Sidekick,manufacturing / frontline operations,AI agent that manages manufacturing operations over text,Sidekick The AI agent that manages frontline operations over text.,4,True,https://textsidekick.com/,https://www.ycombinator.com/companies/textsidekick,/home/ubuntu/yc_vertical_ai_sites/screenshots/all_sites/s26-textsidekick.jpg,screenshots/all_sites/s26-textsidekick.jpg,"Homepage: Sidekick is an AI agent that manages frontline/manufacturing operations over text (alerts, routes work orders, records fixes) — AI automation central and targeted to manufacturing/shop floor workflows.",high
S26,WonderTx,pharma / drug discovery & therapeutics,Extrapolative AI to unlock First-in-Class drugs,[No visible H1 captured],3,False,https://wondertx.ai/,https://www.ycombinator.com/companies/wondertx,/home/ubuntu/yc_vertical_ai_sites/screenshots/all_sites/s26-wondertx.jpg,screenshots/all_sites/s26-wondertx.jpg,Homepage: 'Extrapolative AI to unlock first‑in‑class drugs' — AI is central and focused on drug discovery/therapeutics workflows.,high
S26,Illume Labs,consumer health / personal health intelligence,24/7 Personal Health & Longevity Companion,"Everything your body is telling you, in one place.",5,True,https://www.illumelabs.ai,https://www.ycombinator.com/companies/illume-labs,/home/ubuntu/yc_vertical_ai_sites/screenshots/all_sites/s26-illume-labs.jpg,screenshots/all_sites/s26-illume-labs.jpg,"Homepage describes a personal health intelligence product that integrates wearables, nutrition, bloodwork and provides grounded, proactive health insights — AI is central and specialized for health/longevity workflows (consumer healthcare domain).",medium
S26,OpenVector,physical operations / on‑site computer vision (manufacturing/retail/logistics),AI that turns any camera to an autonomous worker with real-time vision,Vision Language Action Systems for the Physical World.,4,True,https://openvector.com,https://www.ycombinator.com/companies/openvector,/home/ubuntu/yc_vertical_ai_sites/screenshots/all_sites/s26-openvector.jpg,screenshots/all_sites/s26-openvector.jpg,"Homepage: Vision‑Language‑Action system that connects cameras to business workflows, builds plain‑English workflows, and automates actions in business software — AI computer‑vision agents are central and aimed at physical operations across on‑site industries.",high
S26,Control Seat,manufacturing / factory operations,AI that runs factories.,The OS for your factory.,4,True,https://www.controlseat.com,https://www.ycombinator.com/companies/control-seat,/home/ubuntu/yc_vertical_ai_sites/screenshots/all_sites/s26-control-seat.jpg,screenshots/all_sites/s26-control-seat.jpg,"FactoryOS is an AI operating system for factories (predictive maintenance, SCADA & HMI, Virtual PLC, operations intelligence) — AI is central and tailored to factory/manufacturing workflows.",high
S26,Dream,fleet & asset inspection / insurance claims,Using VLMs to Catch Damage,Record Condition Over Time Let AI Catch The Damage,4,True,https://www.pingdream.com/,https://www.ycombinator.com/companies/dream,/home/ubuntu/yc_vertical_ai_sites/screenshots/all_sites/s26-dream.jpg,screenshots/all_sites/s26-dream.jpg,"Product uses vision-language models to record condition, 3D reconstruct assets and automatically detect damage for vehicles/trucks/heavy equipment — AI central and tailored to asset inspection/claims/fleet workflows.",high
S26,Atlia,short-term rental property management / hospitality,The AI-native property management company for short-term rentals,Premium Short-Term Property Management,4,True,https://www.atlia.com,https://www.ycombinator.com/companies/atlia,/home/ubuntu/yc_vertical_ai_sites/screenshots/all_sites/s26-atlia.jpg,screenshots/all_sites/s26-atlia.jpg,"AI-native end-to-end property management for short-term rentals (guests, cleaners, maintenance, pricing) — AI is presented as core to the short-term rental/hospitality workflow.",medium
S26,Ekpa,trading / asset management,Building Autonomous Research Agents for Trading,Know where to go next with your investments.,4,True,https://goekpa.com/,https://www.ycombinator.com/companies/ekpa,/home/ubuntu/yc_vertical_ai_sites/screenshots/all_sites/s26-ekpa.jpg,screenshots/all_sites/s26-ekpa.jpg,Building autonomous research agents for trading — autonomous AI agents are central and targeted to the trading/asset-management domain.,high
S26,Libra Robotics,solar installation / construction,Robotic crews for large-scale infrastructure construction,Autonomous ground-mounted solar installation. Day and night.,4,True,https://www.librabots.com/,https://www.ycombinator.com/companies/libra-robotics,/home/ubuntu/yc_vertical_ai_sites/screenshots/all_sites/s26-libra-robotics.jpg,screenshots/all_sites/s26-libra-robotics.jpg,"Autonomous robots for ground-mounted solar panel transportation, pick-and-place and fastening — robotics + autonomy applied to a defined construction/solar-installation workflow.",high
S26,Rapidfolio,"banking & fintech back-office (compliance, operations)",AI-native back-office for banks and fintechs,"All back-office processes for fintechs and banks, automated.",4,True,https://rapidfolio.com/,https://www.ycombinator.com/companies/rapidfolio,/home/ubuntu/yc_vertical_ai_sites/screenshots/all_sites/s26-rapidfolio.jpg,screenshots/all_sites/s26-rapidfolio.jpg,"AI-native back-office automating compliance, operations and fraud for banks and fintechs — AI is central and targeted to banking/financial services workflows.",high
S26,"Prescience, Inc.",health insurance / employee benefits,Superintelligent health insurance that keeps employees healthy,Health insurance rebuilt for the modern employer,4,True,https://www.getprescience.com/,https://www.ycombinator.com/companies/prescience-inc,/home/ubuntu/yc_vertical_ai_sites/screenshots/all_sites/s26-prescience-inc.jpg,screenshots/all_sites/s26-prescience-inc.jpg,Positioned as a health benefits/insurance platform that markets itself as ‘superintelligent’ health insurance for employers — AI/ML-driven insurance/benefits product tailored to healthcare/insurance vertical.,medium
S26,Waddle Labs,robotics control / automation,LLMs that control robots,Waddle Labs,2,False,https://www.waddlelabs.ai/,https://www.ycombinator.com/companies/waddle-labs,/home/ubuntu/yc_vertical_ai_sites/screenshots/all_sites/s26-waddle-labs.jpg,screenshots/all_sites/s26-waddle-labs.jpg,Builds language models/agents specifically to control robots — AI models are central and focused on robotics control workflows (specialized to the robotics domain).,medium
S26,Sunflower,addiction telemedicine / healthcare,We are building an AI-native telemedicine clinic for addiction. 🌻,Online therapy & medication for addiction treatment,4,True,https://sunflowerclinic.com/,https://www.ycombinator.com/companies/sunflower,/home/ubuntu/yc_vertical_ai_sites/screenshots/all_sites/s26-sunflower.jpg,screenshots/all_sites/s26-sunflower.jpg,Described as an AI-native telemedicine clinic for addiction; product is health-focused and marketed around AI-enabled telemedicine workflows for addiction treatment.,medium
S26,Tensr,robot manufacturing / robotic factories,Robotic factories that build robots,[No visible H1 captured],,False,https://tensr.com/,https://www.ycombinator.com/companies/tensr,,,Robotic factories that build robots — autonomous manufacturing robots and factory automation applied to producing robots (industrial/manufacturing workflow).,medium
S26,Evergrove,workers' compensation / healthcare ops,"Instant healthcare for all, starting with work comp","From intake to initial eval in minutes, not days.",4,True,https://www.evergrovelabs.com/,https://www.ycombinator.com/companies/evergrove,/home/ubuntu/yc_vertical_ai_sites/screenshots/all_sites/s26-evergrove.jpg,screenshots/all_sites/s26-evergrove.jpg,Voice AI agents purpose-built for workers’ compensation to run end-to-end calls and accelerate in-case communications — AI central and tailored to workers' comp healthcare workflows.,high
W26,Condor Energy,energy procurement / utilities,Software for enterprise energy procurement.,Take back control of your energy strategy.,4,True,https://www.condor.energy,https://www.ycombinator.com/companies/condor-energy,/home/ubuntu/yc_vertical_ai_sites/screenshots/all_sites/w26-condor-energy.jpg,screenshots/all_sites/w26-condor-energy.jpg,"Enterprise energy procurement product uses AI to monitor, forecast and hedge exposure and optimize procurement — AI is central and tailored to energy/utility procurement workflows.",high
W26,Wayco,medico-legal / personal injury claims,AI operator for medlegal cases,Accident help made effortless,4,True,https://wayco.ai,https://www.ycombinator.com/companies/wayco,/home/ubuntu/yc_vertical_ai_sites/screenshots/all_sites/w26-wayco.jpg,screenshots/all_sites/w26-wayco.jpg,"Described as an AI operator for medlegal cases: AI-driven intake, claim build-out and attorney matching for accident/med-legal workflows — AI central and targeted to medicolegal/legal/claims vertical.",high
W26,Aurorin CAD,mechanical engineering / CAD,Claude code for Mechanical Engineers,The first modern CAD software,4,True,https://aurorincad.com,https://www.ycombinator.com/companies/aurorin-cad,/home/ubuntu/yc_vertical_ai_sites/screenshots/all_sites/w26-aurorin-cad.jpg,screenshots/all_sites/w26-aurorin-cad.jpg,"AI-native CAD software positioned for mechanical engineers (faster, AI-assisted design workflows) — AI central and tailored to mechanical engineering/CAD workflows.",high
W26,Brumby (Formerly GrazeMate),agriculture / livestock herding,Robot Cowboys that Herd Cattle with AI Drones,[No visible H1 captured],,False,https://brumby,https://www.ycombinator.com/companies/brumby,,,Robot cowboys that herd cattle with AI drones — autonomous robotic/drone herding applied to livestock/agriculture workflows (AI is central and industry-specific).,medium
W26,Ossus,libraries / cultural institutions,Intelligence for cultural institutions,[No visible H1 captured],2,False,https://www.ossus.com,https://www.ycombinator.com/companies/ossus,/home/ubuntu/yc_vertical_ai_sites/screenshots/all_sites/w26-ossus.jpg,screenshots/all_sites/w26-ossus.jpg,Software described as ‘intelligence for cultural institutions’ that automates cataloging/inventory tasks for libraries — AI is central and targeted to cultural institutions/libraries.,high
W26,Zymbly,aviation maintenance / operations,The decision-support layer for aviation ops teams to know what to do…,The AI copilot for aircraft maintenance,2,False,https://www.zymbly.com,https://www.ycombinator.com/companies/zymbly,/home/ubuntu/yc_vertical_ai_sites/screenshots/all_sites/w26-zymbly.jpg,screenshots/all_sites/w26-zymbly.jpg,"Marketed as an AI copilot for aircraft maintenance — handles troubleshooting, parts lookup and documentation for aviation maintenance teams (AI central and aviation-specific).",high
W26,Ritivel,life sciences documentation / regulatory,AI-native platform for Life-Sciences Documentation,Creativity,2,False,https://www.ritivel.com,https://www.ycombinator.com/companies/ritivel,/home/ubuntu/yc_vertical_ai_sites/screenshots/all_sites/w26-ritivel.jpg,screenshots/all_sites/w26-ritivel.jpg,Described as an AI-native platform for life-sciences documentation — AI-focused product tailored to life-sciences / regulated documentation workflows.,medium
W26,MochaCare,home care operations / healthcare,Agentic Management Service for Care Organizations,"Home care admin, without the pain.",4,True,https://www.mochacare.com/,https://www.ycombinator.com/companies/mochacare,/home/ubuntu/yc_vertical_ai_sites/screenshots/all_sites/w26-mochacare.jpg,screenshots/all_sites/w26-mochacare.jpg,"Agentic management service for care organizations: AI tools and automations plus services for home care agency admin, hiring, onboarding and compliance — AI central and targeted to care/home-health operations.",high
W26,Copperlane,mortgage origination / lending,Agentic Mortgage Origination,[No visible H1 captured],1,False,https://www.copperlane.ai,https://www.ycombinator.com/companies/copperlane,/home/ubuntu/yc_vertical_ai_sites/screenshots/all_sites/w26-copperlane.jpg,screenshots/all_sites/w26-copperlane.jpg,"Homepage: “The AI‑Native Platform for Mortgage Origination” — AI assistant that collects documents, auto‑fills forms and handles borrower/loan‑officer workflows; AI is central and targeted to mortgage origination.",high
W26,Fed10,government affairs / public policy,AI Agents for Government Affairs,AI tailored for the most ambitious policy professionals,3,False,https://www.fed10.ai,https://www.ycombinator.com/companies/fed10,/home/ubuntu/yc_vertical_ai_sites/screenshots/all_sites/w26-fed10.jpg,screenshots/all_sites/w26-fed10.jpg,"Homepage: “AI tailored for the most ambitious policy professionals” — always‑on agents reading legislative signals, verified sourcing and workflows built for government affairs; AI central and domain‑specific.",high
W26,Squid,power‑system planning / energy,AI agents for power grid planning 🦑,The grid has a repo now.,4,True,https://squid.energy,https://www.ycombinator.com/companies/squid,/home/ubuntu/yc_vertical_ai_sites/screenshots/all_sites/w26-squid.jpg,screenshots/all_sites/w26-squid.jpg,"Homepage: “The model repository for power‑system planning” integrating PowerFactory, PSS®E, ETAP etc — AI/agent workflows built for grid planning and power systems engineering (energy domain).",high
W26,Corelayer,"production incident response for regulated industries (finance, healthcare)",AI production engineer for regulated industries,Production on autopilot,4,True,https://www.corelayer.com,https://www.ycombinator.com/companies/corelayer,/home/ubuntu/yc_vertical_ai_sites/screenshots/all_sites/w26-corelayer.jpg,screenshots/all_sites/w26-corelayer.jpg,"Homepage: “Production on autopilot” and explicit focus on regulated industries (finance, healthcare, insurance); describes agents and causal reasoning over production systems — AI is central and tailored to regulated‑industry workflows.",high
W26,General Legal,legal services / law firm,Elite AI law firm for high growth companies,The elite law firm for every company.,4,True,https://general.legal,https://www.ycombinator.com/companies/general-legal,/home/ubuntu/yc_vertical_ai_sites/screenshots/all_sites/w26-general-legal.jpg,screenshots/all_sites/w26-general-legal.jpg,Homepage: “The AI‑Native Law Firm for Growing Companies” — combines attorneys with AI‑native execution to deliver legal matter workflows; AI is central and targeted to law practice.,high
W26,Balance,accounting / bookkeeping,Full-Stack AI Accounting,The finance partner that scales with you,,False,https://getbalance.ai,https://www.ycombinator.com/companies/getbalance,,,"Homepage: “Accounting firm with its own AI” — accountants use AI agents to reconcile books, produce audit‑ready books and handle finance workflows; AI is central and targeted to accounting.",high
W26,Chasi,"equipment sales, rental & service (equipment industry)",AI Revenue Engine for the Equipment Industry,"AI Revenue Engine for Equipment Sales, Rental, and Service",,False,https://chasi.ai/,https://www.ycombinator.com/companies/chasi,,,"Homepage: “AI Revenue Engine for Equipment Sales, Rental, and Service” — deploys 24/7 AI agents to handle inquiries, routing, quotes and utilization for equipment dealers; AI central and industry‑specific.",high
W26,Remy AI,warehouse fulfillment / logistics,Automating dexterous tasks in warehouses with AI-powered robots,Dexterous robots for fulfillment automation,3,False,https://www.tryremy.ai/,https://www.ycombinator.com/companies/remy-ai,/home/ubuntu/yc_vertical_ai_sites/screenshots/all_sites/w26-remy-ai.jpg,screenshots/all_sites/w26-remy-ai.jpg,Homepage: “Dexterous robots for fulfillment automation” — AI‑powered robots built to pick/pack/kit in warehouses and 3PLs; AI robotics central and targeted to warehouse logistics workflows.,high
W26,o11,financial services / investment firms,The AI Data Warehouse For Financial Firms,The AI data warehouse that builds and maintains itself.,5,True,https://o11.ai,https://www.ycombinator.com/companies/o11,/home/ubuntu/yc_vertical_ai_sites/screenshots/all_sites/w26-o11.jpg,screenshots/all_sites/w26-o11.jpg,Homepage: “The AI data warehouse for financial firms” — builds and maintains firm data models and uses AI agents to keep the warehouse current; AI central and targeted to finance firms.,high
W26,Servo7,warehouse logistics / container unloading,Container unloading robots for warehouses,Fully autonomous supply chains,4,True,https://servo7.com,https://www.ycombinator.com/companies/servo7,/home/ubuntu/yc_vertical_ai_sites/screenshots/all_sites/w26-servo7.jpg,screenshots/all_sites/w26-servo7.jpg,Homepage: “Fully autonomous supply chains” and description of robots that read container contents in real time and learn on the job — AI autonomous robotics targeted to container unloading and dock workflows.,high
W26,Constellation Space,satellite operations / space,AI operating system for mega-scale satellite networks.,ML-nativeoperationsforsatellitefleets,1,False,https://constellation.space/,https://www.ycombinator.com/companies/constellation-space,/home/ubuntu/yc_vertical_ai_sites/screenshots/all_sites/w26-constellation-space.jpg,screenshots/all_sites/w26-constellation-space.jpg,"Homepage: “ML‑native operations for satellite fleets” — forecasts SNR, traffic, weather, jamming and acts on fleet telemetry; AI is central and targeted to satellite/Mission Ops workflows.",high
W26,AxionOrbital Space,earth observation / satellite intelligence,Foundation models for 24/7 Earth Observation,NOTHING STAYS HIDDEN,4,True,https://axionorbital.space/,https://www.ycombinator.com/companies/axionorbital-space,/home/ubuntu/yc_vertical_ai_sites/screenshots/all_sites/w26-axionorbital-space.jpg,screenshots/all_sites/w26-axionorbital-space.jpg,Homepage: foundation models translating SAR into continuous optical‑grade intelligence — specialized foundation models for Earth observation analysts; AI central and domain‑specific.,high
W26,Robby,home services / field service,AI agents that grow revenue for home services businesses,Turn every visit into revenue,5,True,https://tryrobby.com,https://www.ycombinator.com/companies/robby,/home/ubuntu/yc_vertical_ai_sites/screenshots/all_sites/w26-robby.jpg,screenshots/all_sites/w26-robby.jpg,Homepage: “AI agents that grow revenue for home services businesses” — AI agents tailored to in‑home interactions and revenue workflows for home services; AI central and industry‑specific.,high
W26,InventoryQuant,insurance claims / inventory taking,We automate the inventory process in insurance,Automate your inventory taking,4,True,https://www.inventoryquant.com,https://www.ycombinator.com/companies/inventoryquant,/home/ubuntu/yc_vertical_ai_sites/screenshots/all_sites/w26-inventoryquant.jpg,screenshots/all_sites/w26-inventoryquant.jpg,"Homepage: automates inventory taking for insurance claims via video walkthroughs, transcription, price sourcing and submission‑ready reports — AI/ML central and targeted to insurance claim workflows.",high
W26,Congruent,autonomous vehicles / automotive,AI native radars for self-driving cars,THE ONLY RADAR FOR END-TO-END AUTONOMY,4,True,https://congruent.io,https://www.ycombinator.com/companies/congruent,/home/ubuntu/yc_vertical_ai_sites/screenshots/all_sites/w26-congruent.jpg,screenshots/all_sites/w26-congruent.jpg,Homepage: “AI native radars for self‑driving cars” with raw/synthetic radar data and end‑to‑end autonomy tooling — AI is central and tailored to automotive autonomy workflows.,high
W26,Revion,automotive operations / fixed ops,Intelligence for Automotive Operations,[No visible H1 captured],1,False,https://revion.inc,https://www.ycombinator.com/companies/revion,/home/ubuntu/yc_vertical_ai_sites/screenshots/all_sites/w26-revion.jpg,screenshots/all_sites/w26-revion.jpg,YC/title: “Intelligence for Automotive Operations” and site text referencing reshaping fixed operations — indicates AI‑powered tooling focused on automotive service/operations workflows.,medium
W26,Maywood,finance / banking / dealmaking,The first finance-compliant proactive AI that runs 24/7,404,,False,https://maywoodai.com/,https://www.ycombinator.com/companies/maywood,,,YC copy: “finance‑compliant proactive AI that runs 24/7” — positioned as purpose‑built AI for finance; site references purpose‑built AI for dealmaking though main page 404. AI appears central and finance‑specific.,medium
W26,Fenrock AI,Banking (back office / AML / KYC),AI agents for banks,The First AI Workspace for Banking Back Office,4,True,https://fenrock.ai/,https://www.ycombinator.com/companies/fenrock-ai,/home/ubuntu/yc_vertical_ai_sites/screenshots/all_sites/w26-fenrock-ai.jpg,screenshots/all_sites/w26-fenrock-ai.jpg,"Homepage positions product as “The First AI Workspace for Banking Back Office” with AI agents, exam-ready audit logs, and features for AML, KYC/KYB, fair lending, HMDA, loan origination — AI central to regulated banking workflows.",high
W26,End Close,Payments / Finance (reconciliation),AI powered reconciliation for high-volume payments companies,Reconciliation automated end to end,4,True,https://endclose.com,https://www.ycombinator.com/companies/end-close,/home/ubuntu/yc_vertical_ai_sites/screenshots/all_sites/w26-end-close.jpg,screenshots/all_sites/w26-end-close.jpg,"Homepage describes end-to-end reconciliation for payments with “AI agents to resolve exceptions,” automated matching, audit trails and integrations to payment sources — AI central and focused on payments reconciliation workflows.",high
W26,Patientdesk.ai,Dental practices (healthcare providers),AI front & back office agent for dental practices,One AI team for your whole dental practice.,4,True,https://patientdesk.ai/,https://www.ycombinator.com/companies/patientdeskai,/home/ubuntu/yc_vertical_ai_sites/screenshots/all_sites/w26-patientdeskai.jpg,screenshots/all_sites/w26-patientdeskai.jpg,"Homepage states “One AI team for your whole dental practice,” offering AI receptionist, AI-native PMS, scheduling, marketing — AI central and tailored to dental practice workflows.",high
W26,Synthetic Sciences,Scientific research / Autonomous science,Infrastructure for Autonomous Science,[No visible H1 captured],1,False,https://syntheticsciences.ai/,https://www.ycombinator.com/companies/synthetic-sciences,/home/ubuntu/yc_vertical_ai_sites/screenshots/all_sites/w26-synthetic-sciences.jpg,screenshots/all_sites/w26-synthetic-sciences.jpg,"Homepage and copy describe building foundation models and infrastructure for autonomous scientific research (OpenScience, Ascent, FrontierML) — AI/ML central and targeted at scientific discovery workflows.",medium
W26,Seeing Systems,Defense (AI-commanded drones),Modular AI-Commanded Drones for Defence,SEEING SYSTEMS,2,False,https://www.seeing-systems.com,https://www.ycombinator.com/companies/seeing-systems,/home/ubuntu/yc_vertical_ai_sites/screenshots/all_sites/w26-seeing-systems.jpg,screenshots/all_sites/w26-seeing-systems.jpg,"Homepage presents modular, AI-commanded unmanned systems for defense (Bandit, Banshee, Aerie) and AI/autonomy as core capability for defence operations and training.",high
W26,Prana,Primary care / Consumer healthcare (telehealth),An AI primary care doctor in your pocket,What can we help you with?,4,True,https://pranadoc.com,https://www.ycombinator.com/companies/prana-health,/home/ubuntu/yc_vertical_ai_sites/screenshots/all_sites/w26-prana-health.jpg,screenshots/all_sites/w26-prana-health.jpg,Homepage markets a private AI doctor for primary care (“Chat with your private AI doctor”) with telehealth integration — AI central to clinical/primary-care workflows for consumers.,high
W26,Rhizome AI,Life sciences / Regulatory affairs (FDA/EMA),Agent Platform for Life Sciences,Know what your regulator thinks.,4,True,https://rhizomeai.com/,https://www.ycombinator.com/companies/rhizome-ai,/home/ubuntu/yc_vertical_ai_sites/screenshots/all_sites/w26-rhizome-ai.jpg,screenshots/all_sites/w26-rhizome-ai.jpg,"Homepage positions product as a regulatory AI coworker that answers regulator questions with up to 1,000 citations from health authority databases — AI central and explicitly built for life-science regulatory workflows.",high
W26,Laurence,E‑commerce advertising (Amazon / retail ads),Quantitative research for autonomous e-commerce growth,Advertising is a math problem. Solve it with Laurence.,5,True,https://laurence.com,https://www.ycombinator.com/companies/laurence,/home/ubuntu/yc_vertical_ai_sites/screenshots/all_sites/w26-laurence.jpg,screenshots/all_sites/w26-laurence.jpg,"Homepage describes an AI platform that autonomously runs and bids Amazon advertising, optimizes for profit/CAC/LTV, and provides keyword-level ad management — AI central and tailored to e‑commerce advertising workflows.",high
W26,Proximitty,Commercial lending / Banking (loan lifecycle),AI operating system for commercial loans,The AI operating system for commercial lending,4,True,https://proximitty.ai,https://www.ycombinator.com/companies/proximitty,/home/ubuntu/yc_vertical_ai_sites/screenshots/all_sites/w26-proximitty.jpg,screenshots/all_sites/w26-proximitty.jpg,"Homepage: “The AI operating system for commercial lending” with regulator-grade AI agents ingesting documents, spreading financials, monitoring covenants, servicing CRE/C&I/SBA loans — AI central to commercial lending workflows.",high
W26,Stilta,Intellectual property / Patent law,Agentic AI for intellectual property,patent work,4,True,https://stilta.com,https://www.ycombinator.com/companies/stilta,/home/ubuntu/yc_vertical_ai_sites/screenshots/all_sites/w26-stilta.jpg,screenshots/all_sites/w26-stilta.jpg,"Homepage markets agentic AI for high‑stakes patent work (invalidity, infringement, FTO analyses) with source-cited answers across patents and literature — AI central and tailored to IP/legal workflows.",high
W26,Opalite Health,Healthcare providers (medical interpretation),Helping Healthcare Providers Speak Any Language,Every patient. Every word. Every language. Every language.,4,True,http://opalitehealth.com/,https://www.ycombinator.com/companies/opalite-health,/home/ubuntu/yc_vertical_ai_sites/screenshots/all_sites/w26-opalite-health.jpg,screenshots/all_sites/w26-opalite-health.jpg,"Homepage advertises HIPAA/SOC2 AI medical interpretation for providers, real-time interpretation, clinical documentation and patient-safety checks — AI central to medical interpretation workflows.",high
W26,Mango Medical,Orthopedic surgery / Surgical planning,Foundation models for planning orthopedic surgery,Mango Medical,4,True,https://mangomedical.io,https://www.ycombinator.com/companies/mango-medical-inc,/home/ubuntu/yc_vertical_ai_sites/screenshots/all_sites/w26-mango-medical-inc.jpg,screenshots/all_sites/w26-mango-medical-inc.jpg,Described as foundation models for planning orthopedic surgery and “global surgical intelligence” — AI models central to surgical planning workflows in orthopedics.,high
W26,Terranox AI,Mining / Uranium exploration (energy),The first AI-powered uranium discovery company,"AI-powered uranium exploration, hunting the future of energy hidden beneath our feet",4,True,https://terranox.ai,https://www.ycombinator.com/companies/terranox-ai,/home/ubuntu/yc_vertical_ai_sites/screenshots/all_sites/w26-terranox-ai.jpg,screenshots/all_sites/w26-terranox-ai.jpg,Homepage states “AI-powered uranium exploration” using physics-informed AI models purpose-built for uranium plus field programs — AI central to mineral/uranium discovery workflows.,high
W26,Ventura,Distribution & Manufacturing (quote-to-cash / operations),AI Workforce for Distributors and Manufacturers,"Turn every customer request into revenue, faster.",4,True,https://www.ventura.ai,https://www.ycombinator.com/companies/ventura,/home/ubuntu/yc_vertical_ai_sites/screenshots/all_sites/w26-ventura.jpg,screenshots/all_sites/w26-ventura.jpg,"Homepage markets AI quote-to-cash for distributors & manufacturers that automates the work between inbox, suppliers and ERP — AI central and tailored to distributor/manufacturer workflows.",high
W26,Fern,Robotics (RL environments for robots),RL environments for robotics companies,Enabling physical AI at scale,4,True,https://fern.bot,https://www.ycombinator.com/companies/fern-bot,/home/ubuntu/yc_vertical_ai_sites/screenshots/all_sites/w26-fern-bot.jpg,screenshots/all_sites/w26-fern-bot.jpg,Homepage describes high-fidelity RL and evaluation environments built specifically for robots — AI/RL infrastructure sold for specialized robotics workflows (robotics domain).,high
W26,Moritz,Legal / In‑house legal teams,Global AI-native law firm handling legal work with same-day turnaround,BigLaw Attorneys with Same-Day Turnaround,3,False,http://moritzlegal.com/,https://www.ycombinator.com/companies/moritz,/home/ubuntu/yc_vertical_ai_sites/screenshots/all_sites/w26-moritz.jpg,screenshots/all_sites/w26-moritz.jpg,Homepage describes an AI‑native law firm that handles complex legal work with same‑day turnaround for in‑house teams — AI central to delivering legal services (legal vertical).,high
W26,Milliray,Airspace security / Counter‑UAS,Technology to detect and track small drones,Detect what other radars miss.,5,True,https://milliray.com/,https://www.ycombinator.com/companies/milliray,/home/ubuntu/yc_vertical_ai_sites/screenshots/all_sites/w26-milliray.jpg,screenshots/all_sites/w26-milliray.jpg,"Homepage markets millimeter‑wave radar and sensor fusion to detect, track and classify small drones in real time for airspace security — AI/ML classification and perception central to the vertical solution.",high
W26,OctaPulse,Aquaculture / Fish farming,CV and robotics to automate quality inspection in fish farms,Robotics for Aquaculture,4,True,https://www.tryoctapulse.com/,https://www.ycombinator.com/companies/octapulse,/home/ubuntu/yc_vertical_ai_sites/screenshots/all_sites/w26-octapulse.jpg,screenshots/all_sites/w26-octapulse.jpg,"Homepage states robotics, computer vision and data science for precision phenotyping, selective breeding and automated operations in aquaculture — AI/robotics central to fish‑farm inspection and breeding workflows.",high
W26,RoboDock,Depot operations / Fleet logistics (AV/EV),Robots that run autonomous depots for autonomous fleets.,Powering autonomy,4,True,https://www.robodock.tech/,https://www.ycombinator.com/companies/robodock,/home/ubuntu/yc_vertical_ai_sites/screenshots/all_sites/w26-robodock.jpg,screenshots/all_sites/w26-robodock.jpg,"Homepage describes robots that run autonomous depots for AV/EV fleets (charging, inspections) using perception and autonomy — robotics AI central to depot/fleet operations workflows.",high
W26,MouseCat,Financial crime / AML / Fraud investigations,AI to fight financial crime,AI to fight financial crime,4,True,https://www.mousecat.ai,https://www.ycombinator.com/companies/mousecat,/home/ubuntu/yc_vertical_ai_sites/screenshots/all_sites/w26-mousecat.jpg,screenshots/all_sites/w26-mousecat.jpg,"Homepage explicitly markets AI to detect suspicious activity, automate investigations, produce regulator-ready evidence trails for AML/fraud—AI central and tailored to financial crime/risk teams.",high
W26,AutoSitu,"Construction / Built environment (design review, code compliance)",The AI operating system for the built world,[No visible H1 captured],1,False,https://autositu.com/,https://www.ycombinator.com/companies/autositu,/home/ubuntu/yc_vertical_ai_sites/screenshots/all_sites/w26-autositu.jpg,screenshots/all_sites/w26-autositu.jpg,"Homepage describes an AI operating system for the built world with site feasibility, design review, code compliance, quantity takeoff and QA/QC — AI central and targeted at construction/architecture/municipal workflows.",high
W26,Verdex,Insurance (underwriting & claims),AI Verification for Insurance,Verdex,4,True,https://www.verdexai.com/,https://www.ycombinator.com/companies/verdex,/home/ubuntu/yc_vertical_ai_sites/screenshots/all_sites/w26-verdex.jpg,screenshots/all_sites/w26-verdex.jpg,Homepage positions Verdex as remote verification and continuous portfolio monitoring for underwriting and claims with verified site-condition time-series — AI-driven remote risk visibility tailored to insurance workflows.,high
W26,Tepali,Healthcare — Medspas & wellness clinics (EMR),AI EMR for medspas & wellness clinics,AI EMR for medspas & wellness clinics,4,True,https://tepali.com,https://www.ycombinator.com/companies/tepali,/home/ubuntu/yc_vertical_ai_sites/screenshots/all_sites/w26-tepali.jpg,screenshots/all_sites/w26-tepali.jpg,"Homepage: 'AI EMR for medspas & wellness clinics' — AI-written charts, automated lead booking and front-desk workflows tailored to medspa/wellness clinic operations.",high
W26,Palus Finance,Accounting / Financial advisory (fractional CFO),Your startup's financial advisor,The world's most advanced fractional CFO firm,4,True,https://palus.finance,https://www.ycombinator.com/companies/palus-finance,/home/ubuntu/yc_vertical_ai_sites/screenshots/all_sites/w26-palus-finance.jpg,screenshots/all_sites/w26-palus-finance.jpg,"Homepage describes a fractional CFO firm that uses 'AI-powered workflows' and a 'Palus Bot' to perform finance operations (cash/rebalancing, margin calculations) — AI central to finance workflows.",medium
W26,Avoice,Architecture / AEC,AI-native workspace for AEC,THE AI OPERATING SYSTEM FOR ARCHITECTURE PRACTICES,4,True,https://avoice.co/,https://www.ycombinator.com/companies/avoice,/home/ubuntu/yc_vertical_ai_sites/screenshots/all_sites/w26-avoice.jpg,screenshots/all_sites/w26-avoice.jpg,"Homepage: 'THE AI OPERATING SYSTEM FOR ARCHITECTURE PRACTICES' — AI workspace for specs, QC, RFIs, submittals and other architecture-specific workflows.",high
W26,CellType,Drug discovery / Biotech,The agentic drug company. We simulate human biology.,The biological world model for drug development,4,True,https://www.celltype.com,https://www.ycombinator.com/companies/celltype,/home/ubuntu/yc_vertical_ai_sites/screenshots/all_sites/w26-celltype.jpg,screenshots/all_sites/w26-celltype.jpg,"Homepage: 'The biological world model for drug development' — trains foundation models on cellular and molecular data and exposes translational biology, virtual experiments and patient signals for drug development.",high
W26,Burt,Logistics / Supply chain,AI teammates for logistics,AI Teammates Built For Logistics,4,True,https://www.burthq.com/,https://www.ycombinator.com/companies/burt,/home/ubuntu/yc_vertical_ai_sites/screenshots/all_sites/w26-burt.jpg,screenshots/all_sites/w26-burt.jpg,"Homepage: 'AI Teammates Built For Logistics' that run tracking, quoting, scheduling, ETA monitoring and other logistics-specific workflows — AI central to logistics operations.",high
W26,Beacon Health,Healthcare — Primary care operations,AI Employees for Primary Care,[No visible H1 captured],,False,https://www.beaconhealth.ai/,https://www.ycombinator.com/companies/beacon-health,,,YC description and listing: 'AI Employees for Primary Care' — product claims to automate primary care operational tasks (revenue cycle/ops) tailored to primary care teams.,medium
W26,Strand AI,Pathology / Clinical diagnostics,Multimodal foundation models to predict uncollected patient biology,Spatial proteomics from H&E,4,True,https://strandai.com,https://www.ycombinator.com/companies/strand-ai,/home/ubuntu/yc_vertical_ai_sites/screenshots/all_sites/w26-strand-ai.jpg,screenshots/all_sites/w26-strand-ai.jpg,Homepage: 'Spatial proteomics from H&E' and models that predict protein-marker maps from routine histology — AI models applied to clinical pathology and diagnostic workflows.,high
W26,Protent,Public safety / Law enforcement & security,Real time intelligence for law enforcement & security teams.,Catch critical incidents as they unfold.,4,True,https://protent.ai,https://www.ycombinator.com/companies/protent,/home/ubuntu/yc_vertical_ai_sites/screenshots/all_sites/w26-protent.jpg,screenshots/all_sites/w26-protent.jpg,"Homepage: real-time video awareness for law enforcement & security, monitoring live camera feeds and flagging incidents — AI applied to public-safety camera operations.",high
W26,LegalOS,Legal — Immigration law firm,The AI-Native Immigration Law Firm,Faster Immigration for High-Growth Teams,3,False,https://www.legalos.ai,https://www.ycombinator.com/companies/legalos,/home/ubuntu/yc_vertical_ai_sites/screenshots/all_sites/w26-legalos.jpg,screenshots/all_sites/w26-legalos.jpg,Homepage: 'The Immigration Operating Layer for Global Talent' combining immigration attorneys with 'AI-powered workflows' and structured case preparation — AI central to immigration legal operations.,high
W26,10x Science,Protein characterization / Biotech R&D,The AI-native platform for next-generation protein characterization.,10xscience.com,,False,https://10xscience.com,https://www.ycombinator.com/companies/10x-science,,,YC description and site indicate an 'AI-native platform for next-generation protein characterization' — AI applied to protein/biotech workflows.,medium
W26,REV1,Mechanical engineering / CAD (GD&T & drawings),Claude Code for Mechanical Engineers,Engineering drawings in minutes not hours,4,True,https://rev1.so,https://www.ycombinator.com/companies/rev1,/home/ubuntu/yc_vertical_ai_sites/screenshots/all_sites/w26-rev1.jpg,screenshots/all_sites/w26-rev1.jpg,Homepage: 'AI-powered GD&T automation' and generates ASME-compliant engineering drawings from 3D CAD models — AI central to mechanical engineering drawing workflow.,high
W26,Asimov,Robotics — Humanoid robot training data,Real-world human movement data for humanoid robots,Human intelligence for robotics,4,True,https://tryasimov.ai/,https://www.ycombinator.com/companies/asimov,/home/ubuntu/yc_vertical_ai_sites/screenshots/all_sites/w26-asimov.jpg,screenshots/all_sites/w26-asimov.jpg,Homepage: collects large-scale real-world human movement data to power robot learning — AI/ML data product targeted to humanoid robotics training workflows.,high
W26,Lexius,Retail security / Loss prevention (store cameras),AI for Corporate Security Cameras,Every basket. Accounted for.,5,True,https://www.lexius.ai,https://www.ycombinator.com/companies/lexius,/home/ubuntu/yc_vertical_ai_sites/screenshots/all_sites/w26-lexius.jpg,screenshots/all_sites/w26-lexius.jpg,"Homepage: camera AI that compares belt camera counts to register logs, detects unscanned items, and coaches cashiers — AI applied specifically to retail checkout security workflows.",high
W26,Axis,Finance — Commodities / Trading desks,An AI Copilot for Trading Desks,Axis builds custom intelligence for physical commodities desks.,3,False,https://axisanalysis.com,https://www.ycombinator.com/companies/axis-2,/home/ubuntu/yc_vertical_ai_sites/screenshots/all_sites/w26-axis-2.jpg,screenshots/all_sites/w26-axis-2.jpg,"Homepage: 'builds custom intelligence for physical commodities desks' and 'AI systems monitor balances, market structure, and unscheduled events' — AI targeted to trading desk workflows.",high
W26,Mirabelle,Food service / Consumer robot chef,Your robot chef,Your robot chef,4,True,https://meetmirabelle.com,https://www.ycombinator.com/companies/mirabelle,/home/ubuntu/yc_vertical_ai_sites/screenshots/all_sites/w26-mirabelle.jpg,screenshots/all_sites/w26-mirabelle.jpg,"Homepage: consumer robot that chops, cooks, and serves meals — autonomous robotic product performing a defined culinary job (food preparation).",medium
W26,Docura Health,Medical-legal / Workers' compensation,AI-Native Med-Legal Firm,"Workers’ compensation, from intake to settlement.",4,True,https://docurahealth.com,https://www.ycombinator.com/companies/docura-health,/home/ubuntu/yc_vertical_ai_sites/screenshots/all_sites/w26-docura-health.jpg,screenshots/all_sites/w26-docura-health.jpg,"Homepage: 'Workers’ compensation, from intake to settlement' with workflows for claims teams, employers and physicians — AI-native med-legal firm automating claims administration.",high
W26,Lance,Hospitality / Hotels operations,AI Agents That Run Hotel Operations.,[No visible H1 captured],1,False,https://www.lance.live,https://www.ycombinator.com/companies/lance,/home/ubuntu/yc_vertical_ai_sites/screenshots/all_sites/w26-lance.jpg,screenshots/all_sites/w26-lance.jpg,"Homepage: 'AI Agents That Run Hotel Operations' with voice agents, AI housekeeping, and labor scheduling — AI central and tailored to hotel operational workflows.",high
W26,Kita,Lending / Credit underwriting,Underwrite borrowers around the world in minutes,"Underwrite borrowers Underwrite borrowers anywhere in the world, anywhere in the world, in minutes. in minutes.",1,False,https://www.kita.ai/,https://www.ycombinator.com/companies/kita,/home/ubuntu/yc_vertical_ai_sites/screenshots/all_sites/w26-kita.jpg,screenshots/all_sites/w26-kita.jpg,Homepage: 'Underwrite borrowers anywhere in minutes' and explicit copy 'AI that lets you scale loan volume' — AI central to automated underwriting workflows across lending markets.,high
W26,One Robot,Robotics — Simulation & robot training,World models for robot evals and training.,World models for robots,3,False,https://www.onerobot.io/,https://www.ycombinator.com/companies/one-robot,/home/ubuntu/yc_vertical_ai_sites/screenshots/all_sites/w26-one-robot.jpg,screenshots/all_sites/w26-one-robot.jpg,"Homepage: 'world models for robots' used to train and evaluate robot policies, generate synthetic trajectories for manipulation tasks — AI world-models tailored to robot training workflows.",high
W26,Panta,Commercial insurance brokerage,AI Native Commercial Insurance Brokerage,Insurance for the businesses that build the country. Insurance for the businesses that build haul pour wire ship serve the country.,4,True,https://pantainsure.com,https://www.ycombinator.com/companies/panta,/home/ubuntu/yc_vertical_ai_sites/screenshots/all_sites/w26-panta.jpg,screenshots/all_sites/w26-panta.jpg,"Homepage: 'AI Native Commercial Insurance Brokerage' focused on construction, logistics, and manufacturing placements — AI applied to commercial insurance workflows and underwriting/placement.",high
W26,Payna,Licensing & compliance for regulated industries,AI Licensing Agent for Regulated Industries,From the first license to the hundredth.,3,False,https://payna.com/,https://www.ycombinator.com/companies/payna,/home/ubuntu/yc_vertical_ai_sites/screenshots/all_sites/w26-payna.jpg,screenshots/all_sites/w26-payna.jpg,"Homepage: 'AI Licensing and Compliance for Regulated Companies' that runs applications, renewals and per-person licensing across mortgage, insurance, money transmission, etc. — AI central to licensing workflows.",high
W26,Origin,Cancer therapeutics / Drug discovery,AI and Data for Cancer Therapeutics,What if we mad,2,False,https://origin.bio/,https://www.ycombinator.com/companies/origin-bio,/home/ubuntu/yc_vertical_ai_sites/screenshots/all_sites/w26-origin-bio.jpg,screenshots/all_sites/w26-origin-bio.jpg,Homepage: 'AI and Data for Cancer Therapeutics' and interactive predicted-cell visualizations — AI applied to cancer biology and therapeutic R&D.,high
W26,Eos AI,Healthcare operations / Revenue cycle,Autonomous OS for healthcare,"Practice medicine, not administration.",4,True,https://www.helloeos.ai/,https://www.ycombinator.com/companies/eos-ai,/home/ubuntu/yc_vertical_ai_sites/screenshots/all_sites/w26-eos-ai.jpg,screenshots/all_sites/w26-eos-ai.jpg,"Homepage: 'Autonomous OS for healthcare' that runs operational and revenue-cycle workflows (insurance, billing, referrals, scheduling) inside existing systems — AI central to healthcare ops.",high
W26,Valgo,Insurance / Autonomous vehicle safety & risk,Insurance risk layer for physical AI,Autonomy is driving today. We model the risk.,4,True,https://valgo.ai,https://www.ycombinator.com/companies/valgo,/home/ubuntu/yc_vertical_ai_sites/screenshots/all_sites/w26-valgo.jpg,screenshots/all_sites/w26-valgo.jpg,Homepage: builds 'the risk quantification layer for physical AI' with tools like human crash baselines for robotaxis and research on safety validation — AI applied to AV safety and insurance risk workflows.,high
W26,Corvera,CPG sales / Retail (brand sales intelligence),The AI sales engine for CPG brands,The sales intelligence engine for CPG brands.,4,True,https://corvera.ai/,https://www.ycombinator.com/companies/corvera,/home/ubuntu/yc_vertical_ai_sites/screenshots/all_sites/w26-corvera.jpg,screenshots/all_sites/w26-corvera.jpg,Homepage: 'The sales intelligence engine for CPG brands' ranks distributor/retailer data into prioritized sales actions — AI tailored to CPG sales operations.,high
W26,FullSeam,Accounting / Corporate finance (AR/AP/cash application),AI agents for corporate accounting teams,Your AI-powered finance and accounting teammate,3,False,https://fullseam.com,https://www.ycombinator.com/companies/fullseam,/home/ubuntu/yc_vertical_ai_sites/screenshots/all_sites/w26-fullseam.jpg,screenshots/all_sites/w26-fullseam.jpg,"Homepage: 'AI agents that handle accounts receivable, accounts payable, cash application, reconciliation' — AI agents built specifically for corporate accounting workflows.",high
W26,Haladir,Logistics / Supply chain (planning & execution),Operational Superintelligence for Global Logistics,[Operational] Superintelligence.,4,True,https://www.haladir.com/,https://www.ycombinator.com/companies/haladir,/home/ubuntu/yc_vertical_ai_sites/screenshots/all_sites/w26-haladir.jpg,screenshots/all_sites/w26-haladir.jpg,Homepage: 'Operational Superintelligence for Global Logistics' — planning (solver-grade optimization) and execution AI agents built on WMS/TMS/ERP tailored to supply chain workflows.,high
W26,ClaimGlide,healthcare (prior authorization),AI automated prior-auths for private medical practices,Custom AI prior-auth automation software.,3,False,https://claimglide.com/,https://www.ycombinator.com/companies/claimglide,/home/ubuntu/yc_vertical_ai_sites/screenshots/all_sites/w26-claimglide.jpg,screenshots/all_sites/w26-claimglide.jpg,"Homepage H1: “Custom AI prior-auth automation software.” Product copy: auto-pulls provider/patient/diagnosis from EMR, creates/submits prior-auths, follows up with payers, generates appeals and handles payer calls — AI automation is central and workflow is specific to medical prior-auths.",high
W26,Inviscid AI,industrial facilities & data centers (physics simulation),Real-time Physics Simulations for Industrial Facilities & Data Centers,Agentic physics simulation for data c|,4,True,https://inviscidai.com/,https://www.ycombinator.com/companies/inviscid-ai,/home/ubuntu/yc_vertical_ai_sites/screenshots/all_sites/w26-inviscid-ai.jpg,screenshots/all_sites/w26-inviscid-ai.jpg,Homepage: “Agentic physics simulation for data c[enters]” and “Data center thermal twin.” Product auto-sets up/runs solvers against live telemetry for buildings/data centers (digital twin/control) — physics-informed AI tailored to facility/energy engineering.,high
W26,Voltair,utilities / energy (autonomous drone inspections & mapping),Autonomous Drones for Earth Observation,[No visible H1 captured],5,True,https://voltairlabs.com/,https://www.ycombinator.com/companies/voltair,/home/ubuntu/yc_vertical_ai_sites/screenshots/all_sites/w26-voltair.jpg,screenshots/all_sites/w26-voltair.jpg,"Homepage emphasizes autonomous inspections for the grid: aircraft + ground infrastructure, LiDAR, radiometric thermal, continuous missions and automated recharge/GNSS — autonomous drone stack and AI perception/control built for utility asset inspection.",high
W26,Vector Legal,legal (law firm & legal ops),A premier AI-native law firm & legal operating system for Startups.,The premier AI-native law firm for startups,,False,https://vectorlegal.com,https://www.ycombinator.com/companies/vector-legal,,,"Homepage H1: “The premier AI-native law firm for startups” and product VectorOS™ — attorney-led services combined with proprietary AI/legal OS, indicating AI is central and tailored to legal workflows for startups.",high
W26,Oxus,internal audit (financial/audit workflows),AI-powered automation for internal audit workflows,"The audit, accelerated.",4,True,https://oxus-ai.com/,https://www.ycombinator.com/companies/oxus,/home/ubuntu/yc_vertical_ai_sites/screenshots/all_sites/w26-oxus.jpg,screenshots/all_sites/w26-oxus.jpg,"Homepage: “AI FOR AUDIT EXECUTION — The audit, accelerated.” Product copy: automates repetitive audit work, evidence extraction, documentation and execution for internal audit teams — AI central and workflow tailored to audits.",high
W26,Travo,commercial real estate data,.,Real Estate Data Nobody Else Has.,4,True,https://www.travoai.com/,https://www.ycombinator.com/companies/travo,/home/ubuntu/yc_vertical_ai_sites/screenshots/all_sites/w26-travo.jpg,screenshots/all_sites/w26-travo.jpg,"Homepage: “Real Estate Data Nobody Else Has.” Describes AI-verified ingestion, cross-referencing, deduplication and structuring of CRE data (RV parks, marinas, multifamily) — AI is central and the product is tailored to real estate workflows.",high
W26,Overdrive Health,healthcare (medical billing / revenue cycle),AI-Native Medical Billing Services,No more worrying about,3,False,https://overdrive.health,https://www.ycombinator.com/companies/overdrive-health,/home/ubuntu/yc_vertical_ai_sites/screenshots/all_sites/w26-overdrive-health.jpg,screenshots/all_sites/w26-overdrive-health.jpg,"Homepage: “Tech Driven, Human Led, Medical Billing” and product copy listing end-to-end automation (insurance discovery, eligibility, coding, claims submission, automated QA) — AI is central and tailored to medical billing/revenue cycle workflows.",high
W26,Bidflow,construction (electrical takeoffs/estimating),AI Takeoffs for Electrical,Less counting. More bidding.,4,True,https://usebidflow.com,https://www.ycombinator.com/companies/bidflow,/home/ubuntu/yc_vertical_ai_sites/screenshots/all_sites/w26-bidflow.jpg,screenshots/all_sites/w26-bidflow.jpg,"Homepage: “Bidflow reads your plans and counts every power and lighting device automatically” with AI extraction from drawings, accuracy metrics and workflow (upload → AI count → review/export) — AI central and tailored to electrical/construction estimating.",high
W26,Q2Q,finance (private equity / deal sourcing),We help private equity teams find acquisition targets faster,AI Deal Sourcing Engine That,4,True,https://www.tryq2q.com/,https://www.ycombinator.com/companies/q2q,/home/ubuntu/yc_vertical_ai_sites/screenshots/all_sites/w26-q2q.jpg,screenshots/all_sites/w26-q2q.jpg,"Homepage: “AI Deal Sourcing Engine” and copy describing AI research, lead discovery, personalized outreach and deal team-focused workflows — AI is central and tailored to private equity/M&A teams.",high
